n,noise,hotstuff_factor,qmc_factor,extra_transcript_ms,p_commit,hotstuff_latency_ms,qmc_expected_latency_ms,qmc_faster,advantage_ms
4,0.75,0.7,0.7,0.0,0.9437666666666666,10.5735,7.0949730833333335,True,3.4785269166666657
4,0.75,0.7,0.7,2.0,0.9437666666666666,10.5735,9.094973083333333,True,1.4785269166666666
4,0.75,0.7,0.7,4.0,0.9437666666666666,10.5735,11.094973083333333,False,-0.5214730833333334
4,0.75,0.7,0.7,6.0,0.9437666666666666,10.5735,13.094973083333333,False,-2.5214730833333334
4,0.75,0.7,0.7,8.0,0.9437666666666666,10.5735,15.094973083333333,False,-4.521473083333333
4,0.75,0.7,0.85,0.0,0.9437666666666666,10.5735,8.479478783333334,True,2.0940212166666647
4,0.75,0.7,0.85,2.0,0.9437666666666666,10.5735,10.479478783333334,True,0.09402121666666474
4,0.75,0.7,0.85,4.0,0.9437666666666666,10.5735,12.479478783333334,False,-1.9059787833333353
4,0.75,0.7,0.85,6.0,0.9437666666666666,10.5735,14.479478783333334,False,-3.9059787833333353
4,0.75,0.7,0.85,8.0,0.9437666666666666,10.5735,16.479478783333334,False,-5.905978783333335
4,0.75,0.7,1.0,0.0,0.9437666666666666,10.5735,9.863984483333335,True,0.7095155166666647
4,0.75,0.7,1.0,2.0,0.9437666666666666,10.5735,11.863984483333335,False,-1.2904844833333353
4,0.75,0.7,1.0,4.0,0.9437666666666666,10.5735,13.863984483333335,False,-3.2904844833333353
4,0.75,0.7,1.0,6.0,0.9437666666666666,10.5735,15.863984483333335,False,-5.290484483333335
4,0.75,0.7,1.0,8.0,0.9437666666666666,10.5735,17.863984483333333,False,-7.2904844833333335
4,0.75,0.7,1.15,0.0,0.9437666666666666,10.5735,11.248490183333335,False,-0.6749901833333354
4,0.75,0.7,1.15,2.0,0.9437666666666666,10.5735,13.248490183333335,False,-2.6749901833333354
4,0.75,0.7,1.15,4.0,0.9437666666666666,10.5735,15.248490183333335,False,-4.674990183333335
4,0.75,0.7,1.15,6.0,0.9437666666666666,10.5735,17.248490183333335,False,-6.674990183333335
4,0.75,0.7,1.15,8.0,0.9437666666666666,10.5735,19.248490183333335,False,-8.674990183333335
4,0.75,0.7,1.3,0.0,0.9437666666666666,10.5735,12.632995883333336,False,-2.059495883333337
4,0.75,0.7,1.3,2.0,0.9437666666666666,10.5735,14.632995883333336,False,-4.059495883333337
4,0.75,0.7,1.3,4.0,0.9437666666666666,10.5735,16.632995883333336,False,-6.059495883333337
4,0.75,0.7,1.3,6.0,0.9437666666666666,10.5735,18.632995883333336,False,-8.059495883333337
4,0.75,0.7,1.3,8.0,0.9437666666666666,10.5735,20.632995883333336,False,-10.059495883333337
4,0.75,0.85,0.7,0.0,0.9437666666666666,12.83925,7.222383758333334,True,5.616866241666666
4,0.75,0.85,0.7,2.0,0.9437666666666666,12.83925,9.222383758333333,True,3.616866241666667
4,0.75,0.85,0.7,4.0,0.9437666666666666,12.83925,11.222383758333333,True,1.616866241666667
4,0.75,0.85,0.7,6.0,0.9437666666666666,12.83925,13.222383758333333,False,-0.38313375833333296
4,0.75,0.85,0.7,8.0,0.9437666666666666,12.83925,15.222383758333333,False,-2.383133758333333
4,0.75,0.85,0.85,0.0,0.9437666666666666,12.83925,8.606889458333335,True,4.232360541666665
4,0.75,0.85,0.85,2.0,0.9437666666666666,12.83925,10.606889458333335,True,2.232360541666665
4,0.75,0.85,0.85,4.0,0.9437666666666666,12.83925,12.606889458333335,True,0.2323605416666652
4,0.75,0.85,0.85,6.0,0.9437666666666666,12.83925,14.606889458333335,False,-1.7676394583333348
4,0.75,0.85,0.85,8.0,0.9437666666666666,12.83925,16.606889458333335,False,-3.767639458333335
4,0.75,0.85,1.0,0.0,0.9437666666666666,12.83925,9.991395158333335,True,2.847854841666665
4,0.75,0.85,1.0,2.0,0.9437666666666666,12.83925,11.991395158333335,True,0.8478548416666651
4,0.75,0.85,1.0,4.0,0.9437666666666666,12.83925,13.991395158333335,False,-1.1521451583333349
4,0.75,0.85,1.0,6.0,0.9437666666666666,12.83925,15.991395158333335,False,-3.152145158333335
4,0.75,0.85,1.0,8.0,0.9437666666666666,12.83925,17.991395158333333,False,-5.152145158333333
4,0.75,0.85,1.15,0.0,0.9437666666666666,12.83925,11.375900858333335,True,1.463349141666665
4,0.75,0.85,1.15,2.0,0.9437666666666666,12.83925,13.375900858333335,False,-0.5366508583333349
4,0.75,0.85,1.15,4.0,0.9437666666666666,12.83925,15.375900858333335,False,-2.536650858333335
4,0.75,0.85,1.15,6.0,0.9437666666666666,12.83925,17.375900858333335,False,-4.536650858333335
4,0.75,0.85,1.15,8.0,0.9437666666666666,12.83925,19.375900858333335,False,-6.536650858333335
4,0.75,0.85,1.3,0.0,0.9437666666666666,12.83925,12.760406558333337,True,0.07884344166666324
4,0.75,0.85,1.3,2.0,0.9437666666666666,12.83925,14.760406558333337,False,-1.9211565583333368
4,0.75,0.85,1.3,4.0,0.9437666666666666,12.83925,16.760406558333337,False,-3.9211565583333368
4,0.75,0.85,1.3,6.0,0.9437666666666666,12.83925,18.760406558333337,False,-5.921156558333337
4,0.75,0.85,1.3,8.0,0.9437666666666666,12.83925,20.760406558333337,False,-7.921156558333337
4,0.75,1.0,0.7,0.0,0.9437666666666666,15.105,7.349794433333334,True,7.755205566666667
4,0.75,1.0,0.7,2.0,0.9437666666666666,15.105,9.349794433333333,True,5.7552055666666675
4,0.75,1.0,0.7,4.0,0.9437666666666666,15.105,11.349794433333333,True,3.7552055666666675
4,0.75,1.0,0.7,6.0,0.9437666666666666,15.105,13.349794433333333,True,1.7552055666666675
4,0.75,1.0,0.7,8.0,0.9437666666666666,15.105,15.349794433333333,False,-0.2447944333333325
4,0.75,1.0,0.85,0.0,0.9437666666666666,15.105,8.734300133333335,True,6.370699866666666
4,0.75,1.0,0.85,2.0,0.9437666666666666,15.105,10.734300133333335,True,4.370699866666666
4,0.75,1.0,0.85,4.0,0.9437666666666666,15.105,12.734300133333335,True,2.3706998666666657
4,0.75,1.0,0.85,6.0,0.9437666666666666,15.105,14.734300133333335,True,0.37069986666666566
4,0.75,1.0,0.85,8.0,0.9437666666666666,15.105,16.734300133333335,False,-1.6293001333333343
4,0.75,1.0,1.0,0.0,0.9437666666666666,15.105,10.118805833333335,True,4.986194166666666
4,0.75,1.0,1.0,2.0,0.9437666666666666,15.105,12.118805833333335,True,2.9861941666666656
4,0.75,1.0,1.0,4.0,0.9437666666666666,15.105,14.118805833333335,True,0.9861941666666656
4,0.75,1.0,1.0,6.0,0.9437666666666666,15.105,16.118805833333333,False,-1.0138058333333326
4,0.75,1.0,1.0,8.0,0.9437666666666666,15.105,18.118805833333333,False,-3.0138058333333326
4,0.75,1.0,1.15,0.0,0.9437666666666666,15.105,11.503311533333335,True,3.6016884666666655
4,0.75,1.0,1.15,2.0,0.9437666666666666,15.105,13.503311533333335,True,1.6016884666666655
4,0.75,1.0,1.15,4.0,0.9437666666666666,15.105,15.503311533333335,False,-0.39831153333333447
4,0.75,1.0,1.15,6.0,0.9437666666666666,15.105,17.503311533333335,False,-2.3983115333333345
4,0.75,1.0,1.15,8.0,0.9437666666666666,15.105,19.503311533333335,False,-4.3983115333333345
4,0.75,1.0,1.3,0.0,0.9437666666666666,15.105,12.887817233333337,True,2.2171827666666637
4,0.75,1.0,1.3,2.0,0.9437666666666666,15.105,14.887817233333337,True,0.2171827666666637
4,0.75,1.0,1.3,4.0,0.9437666666666666,15.105,16.887817233333337,False,-1.7828172333333363
4,0.75,1.0,1.3,6.0,0.9437666666666666,15.105,18.887817233333337,False,-3.7828172333333363
4,0.75,1.0,1.3,8.0,0.9437666666666666,15.105,20.887817233333337,False,-5.782817233333336
4,0.75,1.15,0.7,0.0,0.9437666666666666,17.370749999999997,7.477205108333334,True,9.893544891666664
4,0.75,1.15,0.7,2.0,0.9437666666666666,17.370749999999997,9.477205108333333,True,7.893544891666664
4,0.75,1.15,0.7,4.0,0.9437666666666666,17.370749999999997,11.477205108333333,True,5.893544891666664
4,0.75,1.15,0.7,6.0,0.9437666666666666,17.370749999999997,13.477205108333333,True,3.8935448916666644
4,0.75,1.15,0.7,8.0,0.9437666666666666,17.370749999999997,15.477205108333333,True,1.8935448916666644
4,0.75,1.15,0.85,0.0,0.9437666666666666,17.370749999999997,8.861710808333335,True,8.509039191666663
4,0.75,1.15,0.85,2.0,0.9437666666666666,17.370749999999997,10.861710808333335,True,6.509039191666663
4,0.75,1.15,0.85,4.0,0.9437666666666666,17.370749999999997,12.861710808333335,True,4.509039191666663
4,0.75,1.15,0.85,6.0,0.9437666666666666,17.370749999999997,14.861710808333335,True,2.5090391916666626
4,0.75,1.15,0.85,8.0,0.9437666666666666,17.370749999999997,16.861710808333335,True,0.5090391916666626
4,0.75,1.15,1.0,0.0,0.9437666666666666,17.370749999999997,10.246216508333333,True,7.124533491666664
4,0.75,1.15,1.0,2.0,0.9437666666666666,17.370749999999997,12.246216508333333,True,5.124533491666664
4,0.75,1.15,1.0,4.0,0.9437666666666666,17.370749999999997,14.246216508333333,True,3.1245334916666643
4,0.75,1.15,1.0,6.0,0.9437666666666666,17.370749999999997,16.246216508333333,True,1.1245334916666643
4,0.75,1.15,1.0,8.0,0.9437666666666666,17.370749999999997,18.246216508333333,False,-0.8754665083333357
4,0.75,1.15,1.15,0.0,0.9437666666666666,17.370749999999997,11.630722208333335,True,5.740027791666662
4,0.75,1.15,1.15,2.0,0.9437666666666666,17.370749999999997,13.630722208333335,True,3.7400277916666624
4,0.75,1.15,1.15,4.0,0.9437666666666666,17.370749999999997,15.630722208333335,True,1.7400277916666624
4,0.75,1.15,1.15,6.0,0.9437666666666666,17.370749999999997,17.630722208333335,False,-0.25997220833333756
4,0.75,1.15,1.15,8.0,0.9437666666666666,17.370749999999997,19.630722208333335,False,-2.2599722083333376
4,0.75,1.15,1.3,0.0,0.9437666666666666,17.370749999999997,13.015227908333337,True,4.355522091666661
4,0.75,1.15,1.3,2.0,0.9437666666666666,17.370749999999997,15.015227908333337,True,2.3555220916666606
4,0.75,1.15,1.3,4.0,0.9437666666666666,17.370749999999997,17.015227908333337,True,0.3555220916666606
4,0.75,1.15,1.3,6.0,0.9437666666666666,17.370749999999997,19.015227908333337,False,-1.6444779083333394
4,0.75,1.15,1.3,8.0,0.9437666666666666,17.370749999999997,21.015227908333337,False,-3.6444779083333394
4,0.75,1.3,0.7,0.0,0.9437666666666666,19.6365,7.604615783333334,True,12.031884216666668
4,0.75,1.3,0.7,2.0,0.9437666666666666,19.6365,9.604615783333333,True,10.031884216666668
4,0.75,1.3,0.7,4.0,0.9437666666666666,19.6365,11.604615783333333,True,8.031884216666668
4,0.75,1.3,0.7,6.0,0.9437666666666666,19.6365,13.604615783333333,True,6.031884216666668
4,0.75,1.3,0.7,8.0,0.9437666666666666,19.6365,15.604615783333333,True,4.031884216666668
4,0.75,1.3,0.85,0.0,0.9437666666666666,19.6365,8.989121483333335,True,10.647378516666667
4,0.75,1.3,0.85,2.0,0.9437666666666666,19.6365,10.989121483333335,True,8.647378516666667
4,0.75,1.3,0.85,4.0,0.9437666666666666,19.6365,12.989121483333335,True,6.647378516666667
4,0.75,1.3,0.85,6.0,0.9437666666666666,19.6365,14.989121483333335,True,4.647378516666667
4,0.75,1.3,0.85,8.0,0.9437666666666666,19.6365,16.989121483333335,True,2.6473785166666666
4,0.75,1.3,1.0,0.0,0.9437666666666666,19.6365,10.373627183333333,True,9.262872816666668
4,0.75,1.3,1.0,2.0,0.9437666666666666,19.6365,12.373627183333333,True,7.262872816666668
4,0.75,1.3,1.0,4.0,0.9437666666666666,19.6365,14.373627183333333,True,5.262872816666668
4,0.75,1.3,1.0,6.0,0.9437666666666666,19.6365,16.373627183333333,True,3.2628728166666683
4,0.75,1.3,1.0,8.0,0.9437666666666666,19.6365,18.373627183333333,True,1.2628728166666683
4,0.75,1.3,1.15,0.0,0.9437666666666666,19.6365,11.758132883333335,True,7.8783671166666664
4,0.75,1.3,1.15,2.0,0.9437666666666666,19.6365,13.758132883333335,True,5.8783671166666664
4,0.75,1.3,1.15,4.0,0.9437666666666666,19.6365,15.758132883333335,True,3.8783671166666664
4,0.75,1.3,1.15,6.0,0.9437666666666666,19.6365,17.758132883333335,True,1.8783671166666664
4,0.75,1.3,1.15,8.0,0.9437666666666666,19.6365,19.758132883333335,False,-0.12163288333333355
4,0.75,1.3,1.3,0.0,0.9437666666666666,19.6365,13.142638583333337,True,6.493861416666665
4,0.75,1.3,1.3,2.0,0.9437666666666666,19.6365,15.142638583333337,True,4.493861416666665
4,0.75,1.3,1.3,4.0,0.9437666666666666,19.6365,17.142638583333337,True,2.4938614166666646
4,0.75,1.3,1.3,6.0,0.9437666666666666,19.6365,19.142638583333337,True,0.4938614166666646
4,0.75,1.3,1.3,8.0,0.9437666666666666,19.6365,21.142638583333337,False,-1.5061385833333354
4,1.0,0.7,0.7,0.0,0.9374,10.5735,7.1231615,True,3.450338499999999
4,1.0,0.7,0.7,2.0,0.9374,10.5735,9.1231615,True,1.450338499999999
4,1.0,0.7,0.7,4.0,0.9374,10.5735,11.1231615,False,-0.5496615000000009
4,1.0,0.7,0.7,6.0,0.9374,10.5735,13.1231615,False,-2.549661500000001
4,1.0,0.7,0.7,8.0,0.9374,10.5735,15.1231615,False,-4.549661500000001
4,1.0,0.7,0.85,0.0,0.9374,10.5735,8.4983273,True,2.0751726999999995
4,1.0,0.7,0.85,2.0,0.9374,10.5735,10.4983273,True,0.07517269999999954
4,1.0,0.7,0.85,4.0,0.9374,10.5735,12.4983273,False,-1.9248273000000005
4,1.0,0.7,0.85,6.0,0.9374,10.5735,14.4983273,False,-3.9248273000000005
4,1.0,0.7,0.85,8.0,0.9374,10.5735,16.4983273,False,-5.9248273000000005
4,1.0,0.7,1.0,0.0,0.9374,10.5735,9.873493100000001,True,0.7000068999999982
4,1.0,0.7,1.0,2.0,0.9374,10.5735,11.873493100000001,False,-1.2999931000000018
4,1.0,0.7,1.0,4.0,0.9374,10.5735,13.873493100000001,False,-3.299993100000002
4,1.0,0.7,1.0,6.0,0.9374,10.5735,15.873493100000001,False,-5.299993100000002
4,1.0,0.7,1.0,8.0,0.9374,10.5735,17.8734931,False,-7.299993100000002
4,1.0,0.7,1.15,0.0,0.9374,10.5735,11.2486589,False,-0.6751589000000013
4,1.0,0.7,1.15,2.0,0.9374,10.5735,13.2486589,False,-2.6751589000000013
4,1.0,0.7,1.15,4.0,0.9374,10.5735,15.2486589,False,-4.675158900000001
4,1.0,0.7,1.15,6.0,0.9374,10.5735,17.248658900000002,False,-6.675158900000003
4,1.0,0.7,1.15,8.0,0.9374,10.5735,19.248658900000002,False,-8.675158900000003
4,1.0,0.7,1.3,0.0,0.9374,10.5735,12.623824700000002,False,-2.0503247000000027
4,1.0,0.7,1.3,2.0,0.9374,10.5735,14.623824700000002,False,-4.050324700000003
4,1.0,0.7,1.3,4.0,0.9374,10.5735,16.6238247,False,-6.050324700000001
4,1.0,0.7,1.3,6.0,0.9374,10.5735,18.6238247,False,-8.0503247
4,1.0,0.7,1.3,8.0,0.9374,10.5735,20.6238247,False,-10.0503247
4,1.0,0.85,0.7,0.0,0.9374,12.83925,7.26499745,True,5.57425255
4,1.0,0.85,0.7,2.0,0.9374,12.83925,9.26499745,True,3.5742525500000006
4,1.0,0.85,0.7,4.0,0.9374,12.83925,11.26499745,True,1.5742525500000006
4,1.0,0.85,0.7,6.0,0.9374,12.83925,13.26499745,False,-0.42574744999999936
4,1.0,0.85,0.7,8.0,0.9374,12.83925,15.26499745,False,-2.4257474499999994
4,1.0,0.85,0.85,0.0,0.9374,12.83925,8.64016325,True,4.199086749999999
4,1.0,0.85,0.85,2.0,0.9374,12.83925,10.64016325,True,2.1990867499999993
4,1.0,0.85,0.85,4.0,0.9374,12.83925,12.64016325,True,0.1990867499999993
4,1.0,0.85,0.85,6.0,0.9374,12.83925,14.64016325,False,-1.8009132500000007
4,1.0,0.85,0.85,8.0,0.9374,12.83925,16.64016325,False,-3.8009132500000007
4,1.0,0.85,1.0,0.0,0.9374,12.83925,10.015329050000002,True,2.823920949999998
4,1.0,0.85,1.0,2.0,0.9374,12.83925,12.015329050000002,True,0.823920949999998
4,1.0,0.85,1.0,4.0,0.9374,12.83925,14.015329050000002,False,-1.176079050000002
4,1.0,0.85,1.0,6.0,0.9374,12.83925,16.015329050000002,False,-3.176079050000002
4,1.0,0.85,1.0,8.0,0.9374,12.83925,18.015329050000002,False,-5.176079050000002
4,1.0,0.85,1.15,0.0,0.9374,12.83925,11.39049485,True,1.4487551500000002
4,1.0,0.85,1.15,2.0,0.9374,12.83925,13.39049485,False,-0.5512448499999998
4,1.0,0.85,1.15,4.0,0.9374,12.83925,15.39049485,False,-2.55124485
4,1.0,0.85,1.15,6.0,0.9374,12.83925,17.39049485,False,-4.55124485
4,1.0,0.85,1.15,8.0,0.9374,12.83925,19.39049485,False,-6.55124485
4,1.0,0.85,1.3,0.0,0.9374,12.83925,12.765660650000001,True,0.07358934999999889
4,1.0,0.85,1.3,2.0,0.9374,12.83925,14.765660650000001,False,-1.9264106500000011
4,1.0,0.85,1.3,4.0,0.9374,12.83925,16.76566065,False,-3.926410650000001
4,1.0,0.85,1.3,6.0,0.9374,12.83925,18.76566065,False,-5.926410650000001
4,1.0,0.85,1.3,8.0,0.9374,12.83925,20.76566065,False,-7.926410650000001
4,1.0,1.0,0.7,0.0,0.9374,15.105,7.4068334,True,7.6981666
4,1.0,1.0,0.7,2.0,0.9374,15.105,9.4068334,True,5.6981666
4,1.0,1.0,0.7,4.0,0.9374,15.105,11.4068334,True,3.6981666000000004
4,1.0,1.0,0.7,6.0,0.9374,15.105,13.4068334,True,1.6981666000000004
4,1.0,1.0,0.7,8.0,0.9374,15.105,15.4068334,False,-0.3018333999999996
4,1.0,1.0,0.85,0.0,0.9374,15.105,8.781999200000001,True,6.323000799999999
4,1.0,1.0,0.85,2.0,0.9374,15.105,10.781999200000001,True,4.323000799999999
4,1.0,1.0,0.85,4.0,0.9374,15.105,12.781999200000001,True,2.323000799999999
4,1.0,1.0,0.85,6.0,0.9374,15.105,14.781999200000001,True,0.3230007999999991
4,1.0,1.0,0.85,8.0,0.9374,15.105,16.7819992,False,-1.676999200000001
4,1.0,1.0,1.0,0.0,0.9374,15.105,10.157165,True,4.9478349999999995
4,1.0,1.0,1.0,2.0,0.9374,15.105,12.157165,True,2.9478349999999995
4,1.0,1.0,1.0,4.0,0.9374,15.105,14.157165,True,0.9478349999999995
4,1.0,1.0,1.0,6.0,0.9374,15.105,16.157165,False,-1.0521649999999987
4,1.0,1.0,1.0,8.0,0.9374,15.105,18.157165,False,-3.0521649999999987
4,1.0,1.0,1.15,0.0,0.9374,15.105,11.5323308,True,3.5726692
4,1.0,1.0,1.15,2.0,0.9374,15.105,13.5323308,True,1.5726692
4,1.0,1.0,1.15,4.0,0.9374,15.105,15.5323308,False,-0.4273308
4,1.0,1.0,1.15,6.0,0.9374,15.105,17.5323308,False,-2.4273308
4,1.0,1.0,1.15,8.0,0.9374,15.105,19.5323308,False,-4.4273308
4,1.0,1.0,1.3,0.0,0.9374,15.105,12.907496600000002,True,2.1975033999999987
4,1.0,1.0,1.3,2.0,0.9374,15.105,14.907496600000002,True,0.19750339999999866
4,1.0,1.0,1.3,4.0,0.9374,15.105,16.9074966,False,-1.8024966000000013
4,1.0,1.0,1.3,6.0,0.9374,15.105,18.9074966,False,-3.8024966000000013
4,1.0,1.0,1.3,8.0,0.9374,15.105,20.9074966,False,-5.802496600000001
4,1.0,1.15,0.7,0.0,0.9374,17.370749999999997,7.54866935,True,9.822080649999997
4,1.0,1.15,0.7,2.0,0.9374,17.370749999999997,9.54866935,True,7.822080649999997
4,1.0,1.15,0.7,4.0,0.9374,17.370749999999997,11.54866935,True,5.822080649999997
4,1.0,1.15,0.7,6.0,0.9374,17.370749999999997,13.54866935,True,3.8220806499999966
4,1.0,1.15,0.7,8.0,0.9374,17.370749999999997,15.54866935,True,1.8220806499999966
4,1.0,1.15,0.85,0.0,0.9374,17.370749999999997,8.92383515,True,8.446914849999997
4,1.0,1.15,0.85,2.0,0.9374,17.370749999999997,10.92383515,True,6.446914849999997
4,1.0,1.15,0.85,4.0,0.9374,17.370749999999997,12.92383515,True,4.446914849999997
4,1.0,1.15,0.85,6.0,0.9374,17.370749999999997,14.92383515,True,2.446914849999997
4,1.0,1.15,0.85,8.0,0.9374,17.370749999999997,16.923835150000002,True,0.4469148499999953
4,1.0,1.15,1.0,0.0,0.9374,17.370749999999997,10.29900095,True,7.0717490499999975
4,1.0,1.15,1.0,2.0,0.9374,17.370749999999997,12.29900095,True,5.0717490499999975
4,1.0,1.15,1.0,4.0,0.9374,17.370749999999997,14.29900095,True,3.0717490499999975
4,1.0,1.15,1.0,6.0,0.9374,17.370749999999997,16.29900095,True,1.0717490499999975
4,1.0,1.15,1.0,8.0,0.9374,17.370749999999997,18.29900095,False,-0.9282509500000025
4,1.0,1.15,1.15,0.0,0.9374,17.370749999999997,11.674166750000001,True,5.696583249999996
4,1.0,1.15,1.15,2.0,0.9374,17.370749999999997,13.674166750000001,True,3.696583249999996
4,1.0,1.15,1.15,4.0,0.9374,17.370749999999997,15.674166750000001,True,1.6965832499999962
4,1.0,1.15,1.15,6.0,0.9374,17.370749999999997,17.67416675,False,-0.3034167500000038
4,1.0,1.15,1.15,8.0,0.9374,17.370749999999997,19.67416675,False,-2.303416750000004
4,1.0,1.15,1.3,0.0,0.9374,17.370749999999997,13.049332550000003,True,4.321417449999995
4,1.0,1.15,1.3,2.0,0.9374,17.370749999999997,15.049332550000003,True,2.321417449999995
4,1.0,1.15,1.3,4.0,0.9374,17.370749999999997,17.049332550000003,True,0.3214174499999949
4,1.0,1.15,1.3,6.0,0.9374,17.370749999999997,19.049332550000003,False,-1.6785825500000051
4,1.0,1.15,1.3,8.0,0.9374,17.370749999999997,21.049332550000003,False,-3.678582550000005
4,1.0,1.3,0.7,0.0,0.9374,19.6365,7.6905053,True,11.945994700000002
4,1.0,1.3,0.7,2.0,0.9374,19.6365,9.6905053,True,9.945994700000002
4,1.0,1.3,0.7,4.0,0.9374,19.6365,11.6905053,True,7.945994700000002
4,1.0,1.3,0.7,6.0,0.9374,19.6365,13.6905053,True,5.945994700000002
4,1.0,1.3,0.7,8.0,0.9374,19.6365,15.6905053,True,3.9459947000000017
4,1.0,1.3,0.85,0.0,0.9374,19.6365,9.065671100000001,True,10.5708289
4,1.0,1.3,0.85,2.0,0.9374,19.6365,11.065671100000001,True,8.5708289
4,1.0,1.3,0.85,4.0,0.9374,19.6365,13.065671100000001,True,6.5708289
4,1.0,1.3,0.85,6.0,0.9374,19.6365,15.065671100000001,True,4.5708289
4,1.0,1.3,0.85,8.0,0.9374,19.6365,17.065671100000003,True,2.5708288999999986
4,1.0,1.3,1.0,0.0,0.9374,19.6365,10.4408369,True,9.1956631
4,1.0,1.3,1.0,2.0,0.9374,19.6365,12.4408369,True,7.195663100000001
4,1.0,1.3,1.0,4.0,0.9374,19.6365,14.4408369,True,5.195663100000001
4,1.0,1.3,1.0,6.0,0.9374,19.6365,16.4408369,True,3.195663100000001
4,1.0,1.3,1.0,8.0,0.9374,19.6365,18.4408369,True,1.1956631000000009
4,1.0,1.3,1.15,0.0,0.9374,19.6365,11.8160027,True,7.820497300000001
4,1.0,1.3,1.15,2.0,0.9374,19.6365,13.8160027,True,5.820497300000001
4,1.0,1.3,1.15,4.0,0.9374,19.6365,15.8160027,True,3.8204973000000013
4,1.0,1.3,1.15,6.0,0.9374,19.6365,17.8160027,True,1.820497300000003
4,1.0,1.3,1.15,8.0,0.9374,19.6365,19.8160027,False,-0.1795026999999969
4,1.0,1.3,1.3,0.0,0.9374,19.6365,13.191168500000002,True,6.4453315
4,1.0,1.3,1.3,2.0,0.9374,19.6365,15.191168500000002,True,4.4453315
4,1.0,1.3,1.3,4.0,0.9374,19.6365,17.191168500000003,True,2.445331499999998
4,1.0,1.3,1.3,6.0,0.9374,19.6365,19.191168500000003,True,0.4453314999999982
4,1.0,1.3,1.3,8.0,0.9374,19.6365,21.191168500000003,False,-1.5546685000000018
4,1.25,0.7,0.7,0.0,0.92715,10.5735,7.168543375,True,3.4049566249999996
4,1.25,0.7,0.7,2.0,0.92715,10.5735,9.168543374999999,True,1.4049566250000005
4,1.25,0.7,0.7,4.0,0.92715,10.5735,11.168543374999999,False,-0.5950433749999995
4,1.25,0.7,0.7,6.0,0.92715,10.5735,13.168543374999999,False,-2.5950433749999995
4,1.25,0.7,0.7,8.0,0.92715,10.5735,15.168543374999999,False,-4.5950433749999995
4,1.25,0.7,0.85,0.0,0.92715,10.5735,8.528672425,True,2.0448275749999993
4,1.25,0.7,0.85,2.0,0.92715,10.5735,10.528672425,True,0.04482757499999934
4,1.25,0.7,0.85,4.0,0.92715,10.5735,12.528672425,False,-1.9551724250000007
4,1.25,0.7,0.85,6.0,0.92715,10.5735,14.528672425,False,-3.9551724250000007
4,1.25,0.7,0.85,8.0,0.92715,10.5735,16.528672425,False,-5.955172425000001
4,1.25,0.7,1.0,0.0,0.92715,10.5735,9.888801475000001,True,0.6846985249999982
4,1.25,0.7,1.0,2.0,0.92715,10.5735,11.888801475000001,False,-1.3153014750000018
4,1.25,0.7,1.0,4.0,0.92715,10.5735,13.888801475000001,False,-3.315301475000002
4,1.25,0.7,1.0,6.0,0.92715,10.5735,15.888801475000001,False,-5.315301475000002
4,1.25,0.7,1.0,8.0,0.92715,10.5735,17.888801475,False,-7.315301475000002
4,1.25,0.7,1.15,0.0,0.92715,10.5735,11.248930524999999,False,-0.6754305249999994
4,1.25,0.7,1.15,2.0,0.92715,10.5735,13.248930524999999,False,-2.6754305249999994
4,1.25,0.7,1.15,4.0,0.92715,10.5735,15.248930524999999,False,-4.6754305249999994
4,1.25,0.7,1.15,6.0,0.92715,10.5735,17.248930525,False,-6.6754305249999994
4,1.25,0.7,1.15,8.0,0.92715,10.5735,19.248930525,False,-8.675430525
4,1.25,0.7,1.3,0.0,0.92715,10.5735,12.609059575000002,False,-2.0355595750000024
4,1.25,0.7,1.3,2.0,0.92715,10.5735,14.609059575000002,False,-4.035559575000002
4,1.25,0.7,1.3,4.0,0.92715,10.5735,16.609059575000003,False,-6.035559575000004
4,1.25,0.7,1.3,6.0,0.92715,10.5735,18.609059575000003,False,-8.035559575000004
4,1.25,0.7,1.3,8.0,0.92715,10.5735,20.609059575000003,False,-10.035559575000004
4,1.25,0.85,0.7,0.0,0.92715,12.83925,7.3336032625,True,5.5056467375
4,1.25,0.85,0.7,2.0,0.92715,12.83925,9.333603262499999,True,3.505646737500001
4,1.25,0.85,0.7,4.0,0.92715,12.83925,11.333603262499999,True,1.505646737500001
4,1.25,0.85,0.7,6.0,0.92715,12.83925,13.333603262499999,False,-0.4943532624999989
4,1.25,0.85,0.7,8.0,0.92715,12.83925,15.333603262499999,False,-2.494353262499999
4,1.25,0.85,0.85,0.0,0.92715,12.83925,8.6937323125,True,4.1455176875
4,1.25,0.85,0.85,2.0,0.92715,12.83925,10.6937323125,True,2.1455176875
4,1.25,0.85,0.85,4.0,0.92715,12.83925,12.6937323125,True,0.14551768749999994
4,1.25,0.85,0.85,6.0,0.92715,12.83925,14.6937323125,False,-1.8544823125
4,1.25,0.85,0.85,8.0,0.92715,12.83925,16.6937323125,False,-3.8544823125
4,1.25,0.85,1.0,0.0,0.92715,12.83925,10.053861362500001,True,2.7853886374999988
4,1.25,0.85,1.0,2.0,0.92715,12.83925,12.053861362500001,True,0.7853886374999988
4,1.25,0.85,1.0,4.0,0.92715,12.83925,14.053861362500001,False,-1.2146113625000012
4,1.25,0.85,1.0,6.0,0.92715,12.83925,16.0538613625,False,-3.2146113625000012
4,1.25,0.85,1.0,8.0,0.92715,12.83925,18.0538613625,False,-5.214611362500001
4,1.25,0.85,1.15,0.0,0.92715,12.83925,11.413990412499999,True,1.4252595875000011
4,1.25,0.85,1.15,2.0,0.92715,12.83925,13.413990412499999,False,-0.5747404124999989
4,1.25,0.85,1.15,4.0,0.92715,12.83925,15.413990412499999,False,-2.574740412499999
4,1.25,0.85,1.15,6.0,0.92715,12.83925,17.4139904125,False,-4.574740412499999
4,1.25,0.85,1.15,8.0,0.92715,12.83925,19.4139904125,False,-6.574740412499999
4,1.25,0.85,1.3,0.0,0.92715,12.83925,12.774119462500002,True,0.0651305374999982
4,1.25,0.85,1.3,2.0,0.92715,12.83925,14.774119462500002,False,-1.9348694625000018
4,1.25,0.85,1.3,4.0,0.92715,12.83925,16.774119462500003,False,-3.9348694625000036
4,1.25,0.85,1.3,6.0,0.92715,12.83925,18.774119462500003,False,-5.934869462500004
4,1.25,0.85,1.3,8.0,0.92715,12.83925,20.774119462500003,False,-7.934869462500004
4,1.25,1.0,0.7,0.0,0.92715,15.105,7.4986631500000005,True,7.60633685
4,1.25,1.0,0.7,2.0,0.92715,15.105,9.49866315,True,5.60633685
4,1.25,1.0,0.7,4.0,0.92715,15.105,11.49866315,True,3.60633685
4,1.25,1.0,0.7,6.0,0.92715,15.105,13.49866315,True,1.60633685
4,1.25,1.0,0.7,8.0,0.92715,15.105,15.49866315,False,-0.3936631500000001
4,1.25,1.0,0.85,0.0,0.92715,15.105,8.8587922,True,6.2462078000000005
4,1.25,1.0,0.85,2.0,0.92715,15.105,10.8587922,True,4.2462078000000005
4,1.25,1.0,0.85,4.0,0.92715,15.105,12.8587922,True,2.2462078000000005
4,1.25,1.0,0.85,6.0,0.92715,15.105,14.8587922,True,0.24620780000000053
4,1.25,1.0,0.85,8.0,0.92715,15.105,16.8587922,False,-1.7537921999999995
4,1.25,1.0,1.0,0.0,0.92715,15.105,10.218921250000001,True,4.886078749999999
4,1.25,1.0,1.0,2.0,0.92715,15.105,12.218921250000001,True,2.8860787499999994
4,1.25,1.0,1.0,4.0,0.92715,15.105,14.218921250000001,True,0.8860787499999994
4,1.25,1.0,1.0,6.0,0.92715,15.105,16.21892125,False,-1.1139212500000006
4,1.25,1.0,1.0,8.0,0.92715,15.105,18.21892125,False,-3.1139212500000006
4,1.25,1.0,1.15,0.0,0.92715,15.105,11.579050299999999,True,3.5259497000000017
4,1.25,1.0,1.15,2.0,0.92715,15.105,13.579050299999999,True,1.5259497000000017
4,1.25,1.0,1.15,4.0,0.92715,15.105,15.579050299999999,False,-0.47405029999999826
4,1.25,1.0,1.15,6.0,0.92715,15.105,17.5790503,False,-2.4740502999999983
4,1.25,1.0,1.15,8.0,0.92715,15.105,19.5790503,False,-4.474050299999998
4,1.25,1.0,1.3,0.0,0.92715,15.105,12.939179350000002,True,2.165820649999999
4,1.25,1.0,1.3,2.0,0.92715,15.105,14.939179350000002,True,0.1658206499999988
4,1.25,1.0,1.3,4.0,0.92715,15.105,16.939179350000003,False,-1.834179350000003
4,1.25,1.0,1.3,6.0,0.92715,15.105,18.939179350000003,False,-3.834179350000003
4,1.25,1.0,1.3,8.0,0.92715,15.105,20.939179350000003,False,-5.834179350000003
4,1.25,1.15,0.7,0.0,0.92715,17.370749999999997,7.6637230375,True,9.707026962499999
4,1.25,1.15,0.7,2.0,0.92715,17.370749999999997,9.663723037499999,True,7.707026962499999
4,1.25,1.15,0.7,4.0,0.92715,17.370749999999997,11.663723037499999,True,5.707026962499999
4,1.25,1.15,0.7,6.0,0.92715,17.370749999999997,13.663723037499999,True,3.7070269624999987
4,1.25,1.15,0.7,8.0,0.92715,17.370749999999997,15.663723037499999,True,1.7070269624999987
4,1.25,1.15,0.85,0.0,0.92715,17.370749999999997,9.0238520875,True,8.346897912499998
4,1.25,1.15,0.85,2.0,0.92715,17.370749999999997,11.0238520875,True,6.346897912499998
4,1.25,1.15,0.85,4.0,0.92715,17.370749999999997,13.0238520875,True,4.346897912499998
4,1.25,1.15,0.85,6.0,0.92715,17.370749999999997,15.0238520875,True,2.3468979124999976
4,1.25,1.15,0.85,8.0,0.92715,17.370749999999997,17.0238520875,True,0.3468979124999976
4,1.25,1.15,1.0,0.0,0.92715,17.370749999999997,10.383981137500001,True,6.986768862499996
4,1.25,1.15,1.0,2.0,0.92715,17.370749999999997,12.383981137500001,True,4.986768862499996
4,1.25,1.15,1.0,4.0,0.92715,17.370749999999997,14.383981137500001,True,2.9867688624999964
4,1.25,1.15,1.0,6.0,0.92715,17.370749999999997,16.3839811375,True,0.9867688624999964
4,1.25,1.15,1.0,8.0,0.92715,17.370749999999997,18.3839811375,False,-1.0132311375000036
4,1.25,1.15,1.15,0.0,0.92715,17.370749999999997,11.744110187499999,True,5.626639812499999
4,1.25,1.15,1.15,2.0,0.92715,17.370749999999997,13.744110187499999,True,3.626639812499999
4,1.25,1.15,1.15,4.0,0.92715,17.370749999999997,15.744110187499999,True,1.6266398124999988
4,1.25,1.15,1.15,6.0,0.92715,17.370749999999997,17.7441101875,False,-0.3733601875000012
4,1.25,1.15,1.15,8.0,0.92715,17.370749999999997,19.7441101875,False,-2.373360187500001
4,1.25,1.15,1.3,0.0,0.92715,17.370749999999997,13.104239237500002,True,4.266510762499996
4,1.25,1.15,1.3,2.0,0.92715,17.370749999999997,15.104239237500002,True,2.266510762499996
4,1.25,1.15,1.3,4.0,0.92715,17.370749999999997,17.104239237500003,True,0.26651076249999406
4,1.25,1.15,1.3,6.0,0.92715,17.370749999999997,19.104239237500003,False,-1.733489237500006
4,1.25,1.15,1.3,8.0,0.92715,17.370749999999997,21.104239237500003,False,-3.733489237500006
4,1.25,1.3,0.7,0.0,0.92715,19.6365,7.828782925,True,11.807717075000003
4,1.25,1.3,0.7,2.0,0.92715,19.6365,9.828782924999999,True,9.807717075000003
4,1.25,1.3,0.7,4.0,0.92715,19.6365,11.828782924999999,True,7.807717075000003
4,1.25,1.3,0.7,6.0,0.92715,19.6365,13.828782924999999,True,5.807717075000003
4,1.25,1.3,0.7,8.0,0.92715,19.6365,15.828782924999999,True,3.807717075000003
4,1.25,1.3,0.85,0.0,0.92715,19.6365,9.188911975,True,10.447588025000002
4,1.25,1.3,0.85,2.0,0.92715,19.6365,11.188911975,True,8.447588025000002
4,1.25,1.3,0.85,4.0,0.92715,19.6365,13.188911975,True,6.447588025000002
4,1.25,1.3,0.85,6.0,0.92715,19.6365,15.188911975,True,4.447588025000002
4,1.25,1.3,0.85,8.0,0.92715,19.6365,17.188911975,True,2.4475880250000017
4,1.25,1.3,1.0,0.0,0.92715,19.6365,10.549041025000001,True,9.087458975
4,1.25,1.3,1.0,2.0,0.92715,19.6365,12.549041025000001,True,7.0874589750000005
4,1.25,1.3,1.0,4.0,0.92715,19.6365,14.549041025000001,True,5.0874589750000005
4,1.25,1.3,1.0,6.0,0.92715,19.6365,16.549041025,True,3.0874589750000005
4,1.25,1.3,1.0,8.0,0.92715,19.6365,18.549041025,True,1.0874589750000005
4,1.25,1.3,1.15,0.0,0.92715,19.6365,11.909170074999999,True,7.727329925000003
4,1.25,1.3,1.15,2.0,0.92715,19.6365,13.909170074999999,True,5.727329925000003
4,1.25,1.3,1.15,4.0,0.92715,19.6365,15.909170074999999,True,3.727329925000003
4,1.25,1.3,1.15,6.0,0.92715,19.6365,17.909170075,True,1.727329925000003
4,1.25,1.3,1.15,8.0,0.92715,19.6365,19.909170075,False,-0.27267007499999707
4,1.25,1.3,1.3,0.0,0.92715,19.6365,13.269299125000002,True,6.367200875
4,1.25,1.3,1.3,2.0,0.92715,19.6365,15.269299125000002,True,4.367200875
4,1.25,1.3,1.3,4.0,0.92715,19.6365,17.269299125000003,True,2.367200874999998
4,1.25,1.3,1.3,6.0,0.92715,19.6365,19.269299125000003,True,0.3672008749999982
4,1.25,1.3,1.3,8.0,0.92715,19.6365,21.269299125000003,False,-1.6327991250000018
4,1.5,0.7,0.7,0.0,0.9175666666666666,10.5735,7.210973583333334,True,3.3625264166666655
4,1.5,0.7,0.7,2.0,0.9175666666666666,10.5735,9.210973583333335,True,1.3625264166666646
4,1.5,0.7,0.7,4.0,0.9175666666666666,10.5735,11.210973583333335,False,-0.6374735833333354
4,1.5,0.7,0.7,6.0,0.9175666666666666,10.5735,13.210973583333335,False,-2.6374735833333354
4,1.5,0.7,0.7,8.0,0.9175666666666666,10.5735,15.210973583333335,False,-4.637473583333335
4,1.5,0.7,0.85,0.0,0.9175666666666666,10.5735,8.557043883333334,True,2.0164561166666655
4,1.5,0.7,0.85,2.0,0.9175666666666666,10.5735,10.557043883333334,True,0.016456116666665466
4,1.5,0.7,0.85,4.0,0.9175666666666666,10.5735,12.557043883333334,False,-1.9835438833333345
4,1.5,0.7,0.85,6.0,0.9175666666666666,10.5735,14.557043883333334,False,-3.9835438833333345
4,1.5,0.7,0.85,8.0,0.9175666666666666,10.5735,16.557043883333336,False,-5.983543883333336
4,1.5,0.7,1.0,0.0,0.9175666666666666,10.5735,9.903114183333335,True,0.6703858166666645
4,1.5,0.7,1.0,2.0,0.9175666666666666,10.5735,11.903114183333335,False,-1.3296141833333355
4,1.5,0.7,1.0,4.0,0.9175666666666666,10.5735,13.903114183333335,False,-3.3296141833333355
4,1.5,0.7,1.0,6.0,0.9175666666666666,10.5735,15.903114183333335,False,-5.3296141833333355
4,1.5,0.7,1.0,8.0,0.9175666666666666,10.5735,17.903114183333336,False,-7.329614183333337
4,1.5,0.7,1.15,0.0,0.9175666666666666,10.5735,11.249184483333334,False,-0.6756844833333346
4,1.5,0.7,1.15,2.0,0.9175666666666666,10.5735,13.249184483333334,False,-2.6756844833333346
4,1.5,0.7,1.15,4.0,0.9175666666666666,10.5735,15.249184483333334,False,-4.675684483333335
4,1.5,0.7,1.15,6.0,0.9175666666666666,10.5735,17.249184483333334,False,-6.675684483333335
4,1.5,0.7,1.15,8.0,0.9175666666666666,10.5735,19.249184483333334,False,-8.675684483333335
4,1.5,0.7,1.3,0.0,0.9175666666666666,10.5735,12.595254783333335,False,-2.0217547833333356
4,1.5,0.7,1.3,2.0,0.9175666666666666,10.5735,14.595254783333335,False,-4.021754783333336
4,1.5,0.7,1.3,4.0,0.9175666666666666,10.5735,16.595254783333335,False,-6.021754783333336
4,1.5,0.7,1.3,6.0,0.9175666666666666,10.5735,18.595254783333335,False,-8.021754783333336
4,1.5,0.7,1.3,8.0,0.9175666666666666,10.5735,20.595254783333335,False,-10.021754783333336
4,1.5,0.85,0.7,0.0,0.9175666666666666,12.83925,7.397746908333334,True,5.441503091666666
4,1.5,0.85,0.7,2.0,0.9175666666666666,12.83925,9.397746908333334,True,3.4415030916666662
4,1.5,0.85,0.7,4.0,0.9175666666666666,12.83925,11.397746908333334,True,1.4415030916666662
4,1.5,0.85,0.7,6.0,0.9175666666666666,12.83925,13.397746908333334,False,-0.5584969083333338
4,1.5,0.85,0.7,8.0,0.9175666666666666,12.83925,15.397746908333334,False,-2.5584969083333338
4,1.5,0.85,0.85,0.0,0.9175666666666666,12.83925,8.743817208333333,True,4.095432791666667
4,1.5,0.85,0.85,2.0,0.9175666666666666,12.83925,10.743817208333333,True,2.095432791666667
4,1.5,0.85,0.85,4.0,0.9175666666666666,12.83925,12.743817208333333,True,0.09543279166666707
4,1.5,0.85,0.85,6.0,0.9175666666666666,12.83925,14.743817208333333,False,-1.904567208333333
4,1.5,0.85,0.85,8.0,0.9175666666666666,12.83925,16.743817208333333,False,-3.904567208333333
4,1.5,0.85,1.0,0.0,0.9175666666666666,12.83925,10.089887508333334,True,2.749362491666666
4,1.5,0.85,1.0,2.0,0.9175666666666666,12.83925,12.089887508333334,True,0.7493624916666661
4,1.5,0.85,1.0,4.0,0.9175666666666666,12.83925,14.089887508333334,False,-1.2506375083333339
4,1.5,0.85,1.0,6.0,0.9175666666666666,12.83925,16.089887508333334,False,-3.250637508333334
4,1.5,0.85,1.0,8.0,0.9175666666666666,12.83925,18.089887508333334,False,-5.250637508333334
4,1.5,0.85,1.15,0.0,0.9175666666666666,12.83925,11.435957808333335,True,1.4032921916666652
4,1.5,0.85,1.15,2.0,0.9175666666666666,12.83925,13.435957808333335,False,-0.5967078083333348
4,1.5,0.85,1.15,4.0,0.9175666666666666,12.83925,15.435957808333335,False,-2.596707808333335
4,1.5,0.85,1.15,6.0,0.9175666666666666,12.83925,17.435957808333335,False,-4.596707808333335
4,1.5,0.85,1.15,8.0,0.9175666666666666,12.83925,19.435957808333335,False,-6.596707808333335
4,1.5,0.85,1.3,0.0,0.9175666666666666,12.83925,12.782028108333336,True,0.05722189166666425
4,1.5,0.85,1.3,2.0,0.9175666666666666,12.83925,14.782028108333336,False,-1.9427781083333358
4,1.5,0.85,1.3,4.0,0.9175666666666666,12.83925,16.782028108333336,False,-3.9427781083333358
4,1.5,0.85,1.3,6.0,0.9175666666666666,12.83925,18.782028108333336,False,-5.942778108333336
4,1.5,0.85,1.3,8.0,0.9175666666666666,12.83925,20.782028108333336,False,-7.942778108333336
4,1.5,1.0,0.7,0.0,0.9175666666666666,15.105,7.5845202333333335,True,7.520479766666667
4,1.5,1.0,0.7,2.0,0.9175666666666666,15.105,9.584520233333333,True,5.520479766666668
4,1.5,1.0,0.7,4.0,0.9175666666666666,15.105,11.584520233333333,True,3.520479766666668
4,1.5,1.0,0.7,6.0,0.9175666666666666,15.105,13.584520233333333,True,1.5204797666666678
4,1.5,1.0,0.7,8.0,0.9175666666666666,15.105,15.584520233333333,False,-0.47952023333333216
4,1.5,1.0,0.85,0.0,0.9175666666666666,15.105,8.930590533333334,True,6.174409466666667
4,1.5,1.0,0.85,2.0,0.9175666666666666,15.105,10.930590533333334,True,4.174409466666667
4,1.5,1.0,0.85,4.0,0.9175666666666666,15.105,12.930590533333334,True,2.174409466666667
4,1.5,1.0,0.85,6.0,0.9175666666666666,15.105,14.930590533333334,True,0.1744094666666669
4,1.5,1.0,0.85,8.0,0.9175666666666666,15.105,16.930590533333334,False,-1.825590533333333
4,1.5,1.0,1.0,0.0,0.9175666666666666,15.105,10.276660833333334,True,4.828339166666666
4,1.5,1.0,1.0,2.0,0.9175666666666666,15.105,12.276660833333334,True,2.828339166666666
4,1.5,1.0,1.0,4.0,0.9175666666666666,15.105,14.276660833333334,True,0.828339166666666
4,1.5,1.0,1.0,6.0,0.9175666666666666,15.105,16.276660833333334,False,-1.171660833333334
4,1.5,1.0,1.0,8.0,0.9175666666666666,15.105,18.276660833333334,False,-3.171660833333334
4,1.5,1.0,1.15,0.0,0.9175666666666666,15.105,11.622731133333334,True,3.482268866666667
4,1.5,1.0,1.15,2.0,0.9175666666666666,15.105,13.622731133333334,True,1.4822688666666668
4,1.5,1.0,1.15,4.0,0.9175666666666666,15.105,15.622731133333334,False,-0.5177311333333332
4,1.5,1.0,1.15,6.0,0.9175666666666666,15.105,17.622731133333332,False,-2.5177311333333314
4,1.5,1.0,1.15,8.0,0.9175666666666666,15.105,19.622731133333332,False,-4.517731133333331
4,1.5,1.0,1.3,0.0,0.9175666666666666,15.105,12.968801433333335,True,2.136198566666666
4,1.5,1.0,1.3,2.0,0.9175666666666666,15.105,14.968801433333335,True,0.13619856666666585
4,1.5,1.0,1.3,4.0,0.9175666666666666,15.105,16.968801433333333,False,-1.8638014333333324
4,1.5,1.0,1.3,6.0,0.9175666666666666,15.105,18.968801433333333,False,-3.8638014333333324
4,1.5,1.0,1.3,8.0,0.9175666666666666,15.105,20.968801433333333,False,-5.863801433333332
4,1.5,1.15,0.7,0.0,0.9175666666666666,17.370749999999997,7.771293558333333,True,9.599456441666664
4,1.5,1.15,0.7,2.0,0.9175666666666666,17.370749999999997,9.771293558333333,True,7.599456441666664
4,1.5,1.15,0.7,4.0,0.9175666666666666,17.370749999999997,11.771293558333333,True,5.599456441666664
4,1.5,1.15,0.7,6.0,0.9175666666666666,17.370749999999997,13.771293558333333,True,3.599456441666664
4,1.5,1.15,0.7,8.0,0.9175666666666666,17.370749999999997,15.771293558333333,True,1.5994564416666641
4,1.5,1.15,0.85,0.0,0.9175666666666666,17.370749999999997,9.117363858333334,True,8.253386141666663
4,1.5,1.15,0.85,2.0,0.9175666666666666,17.370749999999997,11.117363858333334,True,6.253386141666663
4,1.5,1.15,0.85,4.0,0.9175666666666666,17.370749999999997,13.117363858333334,True,4.253386141666663
4,1.5,1.15,0.85,6.0,0.9175666666666666,17.370749999999997,15.117363858333334,True,2.253386141666663
4,1.5,1.15,0.85,8.0,0.9175666666666666,17.370749999999997,17.117363858333334,True,0.2533861416666632
4,1.5,1.15,1.0,0.0,0.9175666666666666,17.370749999999997,10.463434158333335,True,6.907315841666662
4,1.5,1.15,1.0,2.0,0.9175666666666666,17.370749999999997,12.463434158333335,True,4.907315841666662
4,1.5,1.15,1.0,4.0,0.9175666666666666,17.370749999999997,14.463434158333335,True,2.9073158416666622
4,1.5,1.15,1.0,6.0,0.9175666666666666,17.370749999999997,16.463434158333335,True,0.9073158416666622
4,1.5,1.15,1.0,8.0,0.9175666666666666,17.370749999999997,18.463434158333335,False,-1.0926841583333378
4,1.5,1.15,1.15,0.0,0.9175666666666666,17.370749999999997,11.809504458333334,True,5.561245541666663
4,1.5,1.15,1.15,2.0,0.9175666666666666,17.370749999999997,13.809504458333334,True,3.561245541666663
4,1.5,1.15,1.15,4.0,0.9175666666666666,17.370749999999997,15.809504458333334,True,1.561245541666663
4,1.5,1.15,1.15,6.0,0.9175666666666666,17.370749999999997,17.809504458333336,False,-0.4387544583333387
4,1.5,1.15,1.15,8.0,0.9175666666666666,17.370749999999997,19.809504458333336,False,-2.4387544583333387
4,1.5,1.15,1.3,0.0,0.9175666666666666,17.370749999999997,13.155574758333335,True,4.215175241666662
4,1.5,1.15,1.3,2.0,0.9175666666666666,17.370749999999997,15.155574758333335,True,2.215175241666662
4,1.5,1.15,1.3,4.0,0.9175666666666666,17.370749999999997,17.155574758333337,True,0.21517524166666036
4,1.5,1.15,1.3,6.0,0.9175666666666666,17.370749999999997,19.155574758333337,False,-1.7848247583333396
4,1.5,1.15,1.3,8.0,0.9175666666666666,17.370749999999997,21.155574758333337,False,-3.7848247583333396
4,1.5,1.3,0.7,0.0,0.9175666666666666,19.6365,7.958066883333334,True,11.678433116666668
4,1.5,1.3,0.7,2.0,0.9175666666666666,19.6365,9.958066883333334,True,9.678433116666668
4,1.5,1.3,0.7,4.0,0.9175666666666666,19.6365,11.958066883333334,True,7.6784331166666675
4,1.5,1.3,0.7,6.0,0.9175666666666666,19.6365,13.958066883333334,True,5.6784331166666675
4,1.5,1.3,0.7,8.0,0.9175666666666666,19.6365,15.958066883333334,True,3.6784331166666675
4,1.5,1.3,0.85,0.0,0.9175666666666666,19.6365,9.304137183333333,True,10.332362816666668
4,1.5,1.3,0.85,2.0,0.9175666666666666,19.6365,11.304137183333333,True,8.332362816666668
4,1.5,1.3,0.85,4.0,0.9175666666666666,19.6365,13.304137183333333,True,6.332362816666668
4,1.5,1.3,0.85,6.0,0.9175666666666666,19.6365,15.304137183333333,True,4.332362816666668
4,1.5,1.3,0.85,8.0,0.9175666666666666,19.6365,17.30413718333333,True,2.33236281666667
4,1.5,1.3,1.0,0.0,0.9175666666666666,19.6365,10.650207483333334,True,8.986292516666667
4,1.5,1.3,1.0,2.0,0.9175666666666666,19.6365,12.650207483333334,True,6.986292516666667
4,1.5,1.3,1.0,4.0,0.9175666666666666,19.6365,14.650207483333334,True,4.986292516666667
4,1.5,1.3,1.0,6.0,0.9175666666666666,19.6365,16.650207483333332,True,2.986292516666669
4,1.5,1.3,1.0,8.0,0.9175666666666666,19.6365,18.650207483333332,True,0.9862925166666692
4,1.5,1.3,1.15,0.0,0.9175666666666666,19.6365,11.996277783333333,True,7.640222216666668
4,1.5,1.3,1.15,2.0,0.9175666666666666,19.6365,13.996277783333333,True,5.640222216666668
4,1.5,1.3,1.15,4.0,0.9175666666666666,19.6365,15.996277783333333,True,3.6402222166666682
4,1.5,1.3,1.15,6.0,0.9175666666666666,19.6365,17.996277783333333,True,1.6402222166666682
4,1.5,1.3,1.15,8.0,0.9175666666666666,19.6365,19.996277783333333,False,-0.35977778333333177
4,1.5,1.3,1.3,0.0,0.9175666666666666,19.6365,13.342348083333334,True,6.294151916666667
4,1.5,1.3,1.3,2.0,0.9175666666666666,19.6365,15.342348083333334,True,4.294151916666667
4,1.5,1.3,1.3,4.0,0.9175666666666666,19.6365,17.342348083333334,True,2.2941519166666673
4,1.5,1.3,1.3,6.0,0.9175666666666666,19.6365,19.342348083333334,True,0.2941519166666673
4,1.5,1.3,1.3,8.0,0.9175666666666666,19.6365,21.342348083333334,False,-1.7058480833333327
7,0.75,0.7,0.7,0.0,0.9238333333333333,10.770375,7.431029229166667,True,3.339345770833333
7,0.75,0.7,0.7,2.0,0.9238333333333333,10.770375,9.431029229166667,True,1.339345770833333
7,0.75,0.7,0.7,4.0,0.9238333333333333,10.770375,11.431029229166667,False,-0.660654229166667
7,0.75,0.7,0.7,6.0,0.9238333333333333,10.770375,13.431029229166667,False,-2.660654229166667
7,0.75,0.7,0.7,8.0,0.9238333333333333,10.770375,15.431029229166667,False,-4.660654229166667
7,0.75,0.7,0.85,0.0,0.9238333333333333,10.770375,8.836179729166666,True,1.9341952708333334
7,0.75,0.7,0.85,2.0,0.9238333333333333,10.770375,10.836179729166666,False,-0.06580472916666658
7,0.75,0.7,0.85,4.0,0.9238333333333333,10.770375,12.836179729166666,False,-2.0658047291666666
7,0.75,0.7,0.85,6.0,0.9238333333333333,10.770375,14.836179729166666,False,-4.065804729166667
7,0.75,0.7,0.85,8.0,0.9238333333333333,10.770375,16.836179729166666,False,-6.065804729166667
7,0.75,0.7,1.0,0.0,0.9238333333333333,10.770375,10.241330229166667,True,0.5290447708333321
7,0.75,0.7,1.0,2.0,0.9238333333333333,10.770375,12.241330229166667,False,-1.4709552291666679
7,0.75,0.7,1.0,4.0,0.9238333333333333,10.770375,14.241330229166667,False,-3.470955229166668
7,0.75,0.7,1.0,6.0,0.9238333333333333,10.770375,16.241330229166667,False,-5.470955229166668
7,0.75,0.7,1.0,8.0,0.9238333333333333,10.770375,18.241330229166667,False,-7.470955229166668
7,0.75,0.7,1.15,0.0,0.9238333333333333,10.770375,11.646480729166667,False,-0.8761057291666674
7,0.75,0.7,1.15,2.0,0.9238333333333333,10.770375,13.646480729166667,False,-2.8761057291666674
7,0.75,0.7,1.15,4.0,0.9238333333333333,10.770375,15.646480729166667,False,-4.876105729166667
7,0.75,0.7,1.15,6.0,0.9238333333333333,10.770375,17.64648072916667,False,-6.876105729166669
7,0.75,0.7,1.15,8.0,0.9238333333333333,10.770375,19.64648072916667,False,-8.87610572916667
7,0.75,0.7,1.3,0.0,0.9238333333333333,10.770375,13.051631229166667,False,-2.281256229166667
7,0.75,0.7,1.3,2.0,0.9238333333333333,10.770375,15.051631229166667,False,-4.281256229166667
7,0.75,0.7,1.3,4.0,0.9238333333333333,10.770375,17.051631229166667,False,-6.281256229166667
7,0.75,0.7,1.3,6.0,0.9238333333333333,10.770375,19.051631229166667,False,-8.281256229166667
7,0.75,0.7,1.3,8.0,0.9238333333333333,10.770375,21.051631229166667,False,-10.281256229166667
7,0.75,0.85,0.7,0.0,0.9238333333333333,13.078312500000001,7.606817135416667,True,5.471495364583334
7,0.75,0.85,0.7,2.0,0.9238333333333333,13.078312500000001,9.606817135416666,True,3.471495364583335
7,0.75,0.85,0.7,4.0,0.9238333333333333,13.078312500000001,11.606817135416666,True,1.471495364583335
7,0.75,0.85,0.7,6.0,0.9238333333333333,13.078312500000001,13.606817135416666,False,-0.5285046354166649
7,0.75,0.85,0.7,8.0,0.9238333333333333,13.078312500000001,15.606817135416666,False,-2.528504635416665
7,0.75,0.85,0.85,0.0,0.9238333333333333,13.078312500000001,9.011967635416667,True,4.066344864583334
7,0.75,0.85,0.85,2.0,0.9238333333333333,13.078312500000001,11.011967635416667,True,2.0663448645833338
7,0.75,0.85,0.85,4.0,0.9238333333333333,13.078312500000001,13.011967635416667,True,0.06634486458333377
7,0.75,0.85,0.85,6.0,0.9238333333333333,13.078312500000001,15.011967635416667,False,-1.9336551354166662
7,0.75,0.85,0.85,8.0,0.9238333333333333,13.078312500000001,17.011967635416667,False,-3.9336551354166662
7,0.75,0.85,1.0,0.0,0.9238333333333333,13.078312500000001,10.417118135416668,True,2.6611943645833325
7,0.75,0.85,1.0,2.0,0.9238333333333333,13.078312500000001,12.417118135416668,True,0.6611943645833325
7,0.75,0.85,1.0,4.0,0.9238333333333333,13.078312500000001,14.417118135416668,False,-1.3388056354166675
7,0.75,0.85,1.0,6.0,0.9238333333333333,13.078312500000001,16.41711813541667,False,-3.3388056354166675
7,0.75,0.85,1.0,8.0,0.9238333333333333,13.078312500000001,18.41711813541667,False,-5.3388056354166675
7,0.75,0.85,1.15,0.0,0.9238333333333333,13.078312500000001,11.822268635416668,True,1.256043864583333
7,0.75,0.85,1.15,2.0,0.9238333333333333,13.078312500000001,13.822268635416668,False,-0.743956135416667
7,0.75,0.85,1.15,4.0,0.9238333333333333,13.078312500000001,15.822268635416668,False,-2.743956135416667
7,0.75,0.85,1.15,6.0,0.9238333333333333,13.078312500000001,17.82226863541667,False,-4.743956135416669
7,0.75,0.85,1.15,8.0,0.9238333333333333,13.078312500000001,19.82226863541667,False,-6.743956135416669
7,0.75,0.85,1.3,0.0,0.9238333333333333,13.078312500000001,13.227419135416667,False,-0.14910663541666658
7,0.75,0.85,1.3,2.0,0.9238333333333333,13.078312500000001,15.227419135416667,False,-2.1491066354166666
7,0.75,0.85,1.3,4.0,0.9238333333333333,13.078312500000001,17.227419135416667,False,-4.149106635416667
7,0.75,0.85,1.3,6.0,0.9238333333333333,13.078312500000001,19.227419135416667,False,-6.149106635416667
7,0.75,0.85,1.3,8.0,0.9238333333333333,13.078312500000001,21.227419135416667,False,-8.149106635416667
7,0.75,1.0,0.7,0.0,0.9238333333333333,15.38625,7.782605041666667,True,7.603644958333334
7,0.75,1.0,0.7,2.0,0.9238333333333333,15.38625,9.782605041666667,True,5.603644958333334
7,0.75,1.0,0.7,4.0,0.9238333333333333,15.38625,11.782605041666667,True,3.6036449583333336
7,0.75,1.0,0.7,6.0,0.9238333333333333,15.38625,13.782605041666667,True,1.6036449583333336
7,0.75,1.0,0.7,8.0,0.9238333333333333,15.38625,15.782605041666667,False,-0.39635504166666635
7,0.75,1.0,0.85,0.0,0.9238333333333333,15.38625,9.187755541666666,True,6.198494458333334
7,0.75,1.0,0.85,2.0,0.9238333333333333,15.38625,11.187755541666666,True,4.198494458333334
7,0.75,1.0,0.85,4.0,0.9238333333333333,15.38625,13.187755541666666,True,2.198494458333334
7,0.75,1.0,0.85,6.0,0.9238333333333333,15.38625,15.187755541666666,True,0.19849445833333412
7,0.75,1.0,0.85,8.0,0.9238333333333333,15.38625,17.187755541666668,False,-1.8015055416666677
7,0.75,1.0,1.0,0.0,0.9238333333333333,15.38625,10.592906041666668,True,4.793343958333333
7,0.75,1.0,1.0,2.0,0.9238333333333333,15.38625,12.592906041666668,True,2.793343958333333
7,0.75,1.0,1.0,4.0,0.9238333333333333,15.38625,14.592906041666668,True,0.7933439583333328
7,0.75,1.0,1.0,6.0,0.9238333333333333,15.38625,16.592906041666666,False,-1.2066560416666654
7,0.75,1.0,1.0,8.0,0.9238333333333333,15.38625,18.592906041666666,False,-3.2066560416666654
7,0.75,1.0,1.15,0.0,0.9238333333333333,15.38625,11.998056541666667,True,3.3881934583333333
7,0.75,1.0,1.15,2.0,0.9238333333333333,15.38625,13.998056541666667,True,1.3881934583333333
7,0.75,1.0,1.15,4.0,0.9238333333333333,15.38625,15.998056541666667,False,-0.6118065416666667
7,0.75,1.0,1.15,6.0,0.9238333333333333,15.38625,17.998056541666667,False,-2.6118065416666667
7,0.75,1.0,1.15,8.0,0.9238333333333333,15.38625,19.998056541666667,False,-4.611806541666667
7,0.75,1.0,1.3,0.0,0.9238333333333333,15.38625,13.403207041666667,True,1.9830429583333338
7,0.75,1.0,1.3,2.0,0.9238333333333333,15.38625,15.403207041666667,False,-0.016957041666666228
7,0.75,1.0,1.3,4.0,0.9238333333333333,15.38625,17.40320704166667,False,-2.016957041666668
7,0.75,1.0,1.3,6.0,0.9238333333333333,15.38625,19.40320704166667,False,-4.016957041666668
7,0.75,1.0,1.3,8.0,0.9238333333333333,15.38625,21.40320704166667,False,-6.016957041666668
7,0.75,1.15,0.7,0.0,0.9238333333333333,17.694187499999998,7.958392947916667,True,9.73579455208333
7,0.75,1.15,0.7,2.0,0.9238333333333333,17.694187499999998,9.958392947916668,True,7.7357945520833304
7,0.75,1.15,0.7,4.0,0.9238333333333333,17.694187499999998,11.958392947916668,True,5.7357945520833304
7,0.75,1.15,0.7,6.0,0.9238333333333333,17.694187499999998,13.958392947916668,True,3.7357945520833304
7,0.75,1.15,0.7,8.0,0.9238333333333333,17.694187499999998,15.958392947916668,True,1.7357945520833304
7,0.75,1.15,0.85,0.0,0.9238333333333333,17.694187499999998,9.363543447916665,True,8.330644052083333
7,0.75,1.15,0.85,2.0,0.9238333333333333,17.694187499999998,11.363543447916665,True,6.330644052083333
7,0.75,1.15,0.85,4.0,0.9238333333333333,17.694187499999998,13.363543447916665,True,4.330644052083333
7,0.75,1.15,0.85,6.0,0.9238333333333333,17.694187499999998,15.363543447916665,True,2.3306440520833327
7,0.75,1.15,0.85,8.0,0.9238333333333333,17.694187499999998,17.363543447916665,True,0.3306440520833327
7,0.75,1.15,1.0,0.0,0.9238333333333333,17.694187499999998,10.768693947916667,True,6.925493552083331
7,0.75,1.15,1.0,2.0,0.9238333333333333,17.694187499999998,12.768693947916667,True,4.925493552083331
7,0.75,1.15,1.0,4.0,0.9238333333333333,17.694187499999998,14.768693947916667,True,2.9254935520833314
7,0.75,1.15,1.0,6.0,0.9238333333333333,17.694187499999998,16.768693947916667,True,0.9254935520833314
7,0.75,1.15,1.0,8.0,0.9238333333333333,17.694187499999998,18.768693947916667,False,-1.0745064479166686
7,0.75,1.15,1.15,0.0,0.9238333333333333,17.694187499999998,12.173844447916668,True,5.52034305208333
7,0.75,1.15,1.15,2.0,0.9238333333333333,17.694187499999998,14.173844447916668,True,3.52034305208333
7,0.75,1.15,1.15,4.0,0.9238333333333333,17.694187499999998,16.173844447916668,True,1.52034305208333
7,0.75,1.15,1.15,6.0,0.9238333333333333,17.694187499999998,18.173844447916668,False,-0.4796569479166699
7,0.75,1.15,1.15,8.0,0.9238333333333333,17.694187499999998,20.173844447916668,False,-2.47965694791667
7,0.75,1.15,1.3,0.0,0.9238333333333333,17.694187499999998,13.578994947916666,True,4.115192552083332
7,0.75,1.15,1.3,2.0,0.9238333333333333,17.694187499999998,15.578994947916666,True,2.1151925520833323
7,0.75,1.15,1.3,4.0,0.9238333333333333,17.694187499999998,17.578994947916666,True,0.11519255208333234
7,0.75,1.15,1.3,6.0,0.9238333333333333,17.694187499999998,19.578994947916666,False,-1.8848074479166677
7,0.75,1.15,1.3,8.0,0.9238333333333333,17.694187499999998,21.578994947916666,False,-3.8848074479166677
7,0.75,1.3,0.7,0.0,0.9238333333333333,20.002125,8.134180854166667,True,11.867944145833333
7,0.75,1.3,0.7,2.0,0.9238333333333333,20.002125,10.134180854166667,True,9.867944145833333
7,0.75,1.3,0.7,4.0,0.9238333333333333,20.002125,12.134180854166667,True,7.867944145833333
7,0.75,1.3,0.7,6.0,0.9238333333333333,20.002125,14.134180854166667,True,5.867944145833333
7,0.75,1.3,0.7,8.0,0.9238333333333333,20.002125,16.134180854166665,True,3.8679441458333343
7,0.75,1.3,0.85,0.0,0.9238333333333333,20.002125,9.539331354166666,True,10.462793645833333
7,0.75,1.3,0.85,2.0,0.9238333333333333,20.002125,11.539331354166666,True,8.462793645833333
7,0.75,1.3,0.85,4.0,0.9238333333333333,20.002125,13.539331354166666,True,6.462793645833333
7,0.75,1.3,0.85,6.0,0.9238333333333333,20.002125,15.539331354166666,True,4.462793645833333
7,0.75,1.3,0.85,8.0,0.9238333333333333,20.002125,17.539331354166666,True,2.462793645833333
7,0.75,1.3,1.0,0.0,0.9238333333333333,20.002125,10.944481854166668,True,9.057643145833332
7,0.75,1.3,1.0,2.0,0.9238333333333333,20.002125,12.944481854166668,True,7.057643145833332
7,0.75,1.3,1.0,4.0,0.9238333333333333,20.002125,14.944481854166668,True,5.057643145833332
7,0.75,1.3,1.0,6.0,0.9238333333333333,20.002125,16.944481854166668,True,3.0576431458333317
7,0.75,1.3,1.0,8.0,0.9238333333333333,20.002125,18.944481854166668,True,1.0576431458333317
7,0.75,1.3,1.15,0.0,0.9238333333333333,20.002125,12.349632354166667,True,7.652492645833332
7,0.75,1.3,1.15,2.0,0.9238333333333333,20.002125,14.349632354166667,True,5.652492645833332
7,0.75,1.3,1.15,4.0,0.9238333333333333,20.002125,16.349632354166665,True,3.652492645833334
7,0.75,1.3,1.15,6.0,0.9238333333333333,20.002125,18.349632354166665,True,1.652492645833334
7,0.75,1.3,1.15,8.0,0.9238333333333333,20.002125,20.349632354166665,False,-0.347507354166666
7,0.75,1.3,1.3,0.0,0.9238333333333333,20.002125,13.754782854166667,True,6.247342145833333
7,0.75,1.3,1.3,2.0,0.9238333333333333,20.002125,15.754782854166667,True,4.247342145833333
7,0.75,1.3,1.3,4.0,0.9238333333333333,20.002125,17.754782854166667,True,2.2473421458333327
7,0.75,1.3,1.3,6.0,0.9238333333333333,20.002125,19.754782854166667,True,0.2473421458333327
7,0.75,1.3,1.3,8.0,0.9238333333333333,20.002125,21.754782854166667,False,-1.7526578541666673
7,1.0,0.7,0.7,0.0,0.9063833333333333,10.770375,7.507327172916666,True,3.2630478270833336
7,1.0,0.7,0.7,2.0,0.9063833333333333,10.770375,9.507327172916666,True,1.2630478270833336
7,1.0,0.7,0.7,4.0,0.9063833333333333,10.770375,11.507327172916666,False,-0.7369521729166664
7,1.0,0.7,0.7,6.0,0.9063833333333333,10.770375,13.507327172916666,False,-2.7369521729166664
7,1.0,0.7,0.7,8.0,0.9063833333333333,10.770375,15.507327172916666,False,-4.736952172916666
7,1.0,0.7,0.85,0.0,0.9063833333333333,10.770375,8.885936222916666,True,1.884438777083334
7,1.0,0.7,0.85,2.0,0.9063833333333333,10.770375,10.885936222916666,False,-0.11556122291666604
7,1.0,0.7,0.85,4.0,0.9063833333333333,10.770375,12.885936222916666,False,-2.115561222916666
7,1.0,0.7,0.85,6.0,0.9063833333333333,10.770375,14.885936222916666,False,-4.115561222916666
7,1.0,0.7,0.85,8.0,0.9063833333333333,10.770375,16.885936222916666,False,-6.115561222916666
7,1.0,0.7,1.0,0.0,0.9063833333333333,10.770375,10.264545272916667,True,0.5058297270833325
7,1.0,0.7,1.0,2.0,0.9063833333333333,10.770375,12.264545272916667,False,-1.4941702729166675
7,1.0,0.7,1.0,4.0,0.9063833333333333,10.770375,14.264545272916667,False,-3.4941702729166675
7,1.0,0.7,1.0,6.0,0.9063833333333333,10.770375,16.264545272916667,False,-5.4941702729166675
7,1.0,0.7,1.0,8.0,0.9063833333333333,10.770375,18.264545272916667,False,-7.4941702729166675
7,1.0,0.7,1.15,0.0,0.9063833333333333,10.770375,11.643154322916665,False,-0.8727793229166654
7,1.0,0.7,1.15,2.0,0.9063833333333333,10.770375,13.643154322916665,False,-2.8727793229166654
7,1.0,0.7,1.15,4.0,0.9063833333333333,10.770375,15.643154322916665,False,-4.872779322916665
7,1.0,0.7,1.15,6.0,0.9063833333333333,10.770375,17.643154322916665,False,-6.872779322916665
7,1.0,0.7,1.15,8.0,0.9063833333333333,10.770375,19.643154322916665,False,-8.872779322916665
7,1.0,0.7,1.3,0.0,0.9063833333333333,10.770375,13.021763372916666,False,-2.251388372916667
7,1.0,0.7,1.3,2.0,0.9063833333333333,10.770375,15.021763372916666,False,-4.251388372916667
7,1.0,0.7,1.3,4.0,0.9063833333333333,10.770375,17.021763372916666,False,-6.251388372916667
7,1.0,0.7,1.3,6.0,0.9063833333333333,10.770375,19.021763372916666,False,-8.251388372916667
7,1.0,0.7,1.3,8.0,0.9063833333333333,10.770375,21.021763372916666,False,-10.251388372916667
7,1.0,0.85,0.7,0.0,0.9063833333333333,13.078312500000001,7.723388588541667,True,5.354923911458334
7,1.0,0.85,0.7,2.0,0.9063833333333333,13.078312500000001,9.723388588541667,True,3.354923911458334
7,1.0,0.85,0.7,4.0,0.9063833333333333,13.078312500000001,11.723388588541667,True,1.354923911458334
7,1.0,0.85,0.7,6.0,0.9063833333333333,13.078312500000001,13.723388588541667,False,-0.645076088541666
7,1.0,0.85,0.7,8.0,0.9063833333333333,13.078312500000001,15.723388588541667,False,-2.645076088541666
7,1.0,0.85,0.85,0.0,0.9063833333333333,13.078312500000001,9.101997638541667,True,3.9763148614583343
7,1.0,0.85,0.85,2.0,0.9063833333333333,13.078312500000001,11.101997638541667,True,1.9763148614583343
7,1.0,0.85,0.85,4.0,0.9063833333333333,13.078312500000001,13.101997638541667,False,-0.02368513854166565
7,1.0,0.85,0.85,6.0,0.9063833333333333,13.078312500000001,15.101997638541667,False,-2.0236851385416657
7,1.0,0.85,0.85,8.0,0.9063833333333333,13.078312500000001,17.10199763854167,False,-4.023685138541667
7,1.0,0.85,1.0,0.0,0.9063833333333333,13.078312500000001,10.480606688541668,True,2.597705811458333
7,1.0,0.85,1.0,2.0,0.9063833333333333,13.078312500000001,12.480606688541668,True,0.5977058114583329
7,1.0,0.85,1.0,4.0,0.9063833333333333,13.078312500000001,14.480606688541668,False,-1.402294188541667
7,1.0,0.85,1.0,6.0,0.9063833333333333,13.078312500000001,16.48060668854167,False,-3.402294188541669
7,1.0,0.85,1.0,8.0,0.9063833333333333,13.078312500000001,18.48060668854167,False,-5.402294188541669
7,1.0,0.85,1.15,0.0,0.9063833333333333,13.078312500000001,11.859215738541666,True,1.219096761458335
7,1.0,0.85,1.15,2.0,0.9063833333333333,13.078312500000001,13.859215738541666,False,-0.780903238541665
7,1.0,0.85,1.15,4.0,0.9063833333333333,13.078312500000001,15.859215738541666,False,-2.780903238541665
7,1.0,0.85,1.15,6.0,0.9063833333333333,13.078312500000001,17.859215738541664,False,-4.780903238541663
7,1.0,0.85,1.15,8.0,0.9063833333333333,13.078312500000001,19.859215738541664,False,-6.780903238541663
7,1.0,0.85,1.3,0.0,0.9063833333333333,13.078312500000001,13.237824788541667,False,-0.15951228854166644
7,1.0,0.85,1.3,2.0,0.9063833333333333,13.078312500000001,15.237824788541667,False,-2.1595122885416664
7,1.0,0.85,1.3,4.0,0.9063833333333333,13.078312500000001,17.237824788541666,False,-4.159512288541665
7,1.0,0.85,1.3,6.0,0.9063833333333333,13.078312500000001,19.237824788541666,False,-6.159512288541665
7,1.0,0.85,1.3,8.0,0.9063833333333333,13.078312500000001,21.237824788541666,False,-8.159512288541665
7,1.0,1.0,0.7,0.0,0.9063833333333333,15.38625,7.939450004166666,True,7.446799995833334
7,1.0,1.0,0.7,2.0,0.9063833333333333,15.38625,9.939450004166666,True,5.446799995833334
7,1.0,1.0,0.7,4.0,0.9063833333333333,15.38625,11.939450004166666,True,3.4467999958333344
7,1.0,1.0,0.7,6.0,0.9063833333333333,15.38625,13.939450004166666,True,1.4467999958333344
7,1.0,1.0,0.7,8.0,0.9063833333333333,15.38625,15.939450004166666,False,-0.5532000041666656
7,1.0,1.0,0.85,0.0,0.9063833333333333,15.38625,9.318059054166666,True,6.068190945833335
7,1.0,1.0,0.85,2.0,0.9063833333333333,15.38625,11.318059054166666,True,4.068190945833335
7,1.0,1.0,0.85,4.0,0.9063833333333333,15.38625,13.318059054166666,True,2.0681909458333347
7,1.0,1.0,0.85,6.0,0.9063833333333333,15.38625,15.318059054166666,True,0.06819094583333474
7,1.0,1.0,0.85,8.0,0.9063833333333333,15.38625,17.318059054166667,False,-1.931809054166667
7,1.0,1.0,1.0,0.0,0.9063833333333333,15.38625,10.696668104166667,True,4.689581895833333
7,1.0,1.0,1.0,2.0,0.9063833333333333,15.38625,12.696668104166667,True,2.6895818958333333
7,1.0,1.0,1.0,4.0,0.9063833333333333,15.38625,14.696668104166667,True,0.6895818958333333
7,1.0,1.0,1.0,6.0,0.9063833333333333,15.38625,16.69666810416667,False,-1.3104181041666685
7,1.0,1.0,1.0,8.0,0.9063833333333333,15.38625,18.69666810416667,False,-3.3104181041666685
7,1.0,1.0,1.15,0.0,0.9063833333333333,15.38625,12.075277154166665,True,3.3109728458333354
7,1.0,1.0,1.15,2.0,0.9063833333333333,15.38625,14.075277154166665,True,1.3109728458333354
7,1.0,1.0,1.15,4.0,0.9063833333333333,15.38625,16.075277154166663,False,-0.6890271541666628
7,1.0,1.0,1.15,6.0,0.9063833333333333,15.38625,18.075277154166663,False,-2.689027154166663
7,1.0,1.0,1.15,8.0,0.9063833333333333,15.38625,20.075277154166663,False,-4.689027154166663
7,1.0,1.0,1.3,0.0,0.9063833333333333,15.38625,13.453886204166666,True,1.932363795833334
7,1.0,1.0,1.3,2.0,0.9063833333333333,15.38625,15.453886204166666,False,-0.06763620416666605
7,1.0,1.0,1.3,4.0,0.9063833333333333,15.38625,17.453886204166665,False,-2.0676362041666643
7,1.0,1.0,1.3,6.0,0.9063833333333333,15.38625,19.453886204166665,False,-4.067636204166664
7,1.0,1.0,1.3,8.0,0.9063833333333333,15.38625,21.453886204166665,False,-6.067636204166664
7,1.0,1.15,0.7,0.0,0.9063833333333333,17.694187499999998,8.155511419791667,True,9.538676080208331
7,1.0,1.15,0.7,2.0,0.9063833333333333,17.694187499999998,10.155511419791667,True,7.538676080208331
7,1.0,1.15,0.7,4.0,0.9063833333333333,17.694187499999998,12.155511419791667,True,5.538676080208331
7,1.0,1.15,0.7,6.0,0.9063833333333333,17.694187499999998,14.155511419791667,True,3.5386760802083312
7,1.0,1.15,0.7,8.0,0.9063833333333333,17.694187499999998,16.155511419791665,True,1.538676080208333
7,1.0,1.15,0.85,0.0,0.9063833333333333,17.694187499999998,9.534120469791667,True,8.160067030208332
7,1.0,1.15,0.85,2.0,0.9063833333333333,17.694187499999998,11.534120469791667,True,6.160067030208332
7,1.0,1.15,0.85,4.0,0.9063833333333333,17.694187499999998,13.534120469791667,True,4.160067030208332
7,1.0,1.15,0.85,6.0,0.9063833333333333,17.694187499999998,15.534120469791667,True,2.1600670302083316
7,1.0,1.15,0.85,8.0,0.9063833333333333,17.694187499999998,17.534120469791667,True,0.16006703020833157
7,1.0,1.15,1.0,0.0,0.9063833333333333,17.694187499999998,10.912729519791668,True,6.78145798020833
7,1.0,1.15,1.0,2.0,0.9063833333333333,17.694187499999998,12.912729519791668,True,4.78145798020833
7,1.0,1.15,1.0,4.0,0.9063833333333333,17.694187499999998,14.912729519791668,True,2.78145798020833
7,1.0,1.15,1.0,6.0,0.9063833333333333,17.694187499999998,16.912729519791668,True,0.7814579802083301
7,1.0,1.15,1.0,8.0,0.9063833333333333,17.694187499999998,18.912729519791668,False,-1.2185420197916699
7,1.0,1.15,1.15,0.0,0.9063833333333333,17.694187499999998,12.291338569791666,True,5.402848930208332
7,1.0,1.15,1.15,2.0,0.9063833333333333,17.694187499999998,14.291338569791666,True,3.4028489302083322
7,1.0,1.15,1.15,4.0,0.9063833333333333,17.694187499999998,16.291338569791666,True,1.4028489302083322
7,1.0,1.15,1.15,6.0,0.9063833333333333,17.694187499999998,18.291338569791666,False,-0.5971510697916678
7,1.0,1.15,1.15,8.0,0.9063833333333333,17.694187499999998,20.291338569791666,False,-2.5971510697916678
7,1.0,1.15,1.3,0.0,0.9063833333333333,17.694187499999998,13.669947619791667,True,4.024239880208331
7,1.0,1.15,1.3,2.0,0.9063833333333333,17.694187499999998,15.669947619791667,True,2.024239880208331
7,1.0,1.15,1.3,4.0,0.9063833333333333,17.694187499999998,17.669947619791667,True,0.02423988020833079
7,1.0,1.15,1.3,6.0,0.9063833333333333,17.694187499999998,19.669947619791667,False,-1.9757601197916692
7,1.0,1.15,1.3,8.0,0.9063833333333333,17.694187499999998,21.669947619791667,False,-3.975760119791669
7,1.0,1.3,0.7,0.0,0.9063833333333333,20.002125,8.371572835416666,True,11.630552164583333
7,1.0,1.3,0.7,2.0,0.9063833333333333,20.002125,10.371572835416666,True,9.630552164583333
7,1.0,1.3,0.7,4.0,0.9063833333333333,20.002125,12.371572835416666,True,7.630552164583333
7,1.0,1.3,0.7,6.0,0.9063833333333333,20.002125,14.371572835416666,True,5.630552164583333
7,1.0,1.3,0.7,8.0,0.9063833333333333,20.002125,16.371572835416664,True,3.630552164583335
7,1.0,1.3,0.85,0.0,0.9063833333333333,20.002125,9.750181885416666,True,10.251943114583334
7,1.0,1.3,0.85,2.0,0.9063833333333333,20.002125,11.750181885416666,True,8.251943114583334
7,1.0,1.3,0.85,4.0,0.9063833333333333,20.002125,13.750181885416666,True,6.251943114583334
7,1.0,1.3,0.85,6.0,0.9063833333333333,20.002125,15.750181885416666,True,4.251943114583334
7,1.0,1.3,0.85,8.0,0.9063833333333333,20.002125,17.750181885416666,True,2.2519431145833337
7,1.0,1.3,1.0,0.0,0.9063833333333333,20.002125,11.128790935416667,True,8.873334064583332
7,1.0,1.3,1.0,2.0,0.9063833333333333,20.002125,13.128790935416667,True,6.873334064583332
7,1.0,1.3,1.0,4.0,0.9063833333333333,20.002125,15.128790935416667,True,4.873334064583332
7,1.0,1.3,1.0,6.0,0.9063833333333333,20.002125,17.128790935416667,True,2.8733340645833323
7,1.0,1.3,1.0,8.0,0.9063833333333333,20.002125,19.128790935416667,True,0.8733340645833323
7,1.0,1.3,1.15,0.0,0.9063833333333333,20.002125,12.507399985416665,True,7.494725014583334
7,1.0,1.3,1.15,2.0,0.9063833333333333,20.002125,14.507399985416665,True,5.494725014583334
7,1.0,1.3,1.15,4.0,0.9063833333333333,20.002125,16.507399985416665,True,3.4947250145833344
7,1.0,1.3,1.15,6.0,0.9063833333333333,20.002125,18.507399985416665,True,1.4947250145833344
7,1.0,1.3,1.15,8.0,0.9063833333333333,20.002125,20.507399985416665,False,-0.5052749854166656
7,1.0,1.3,1.3,0.0,0.9063833333333333,20.002125,13.886009035416667,True,6.116115964583333
7,1.0,1.3,1.3,2.0,0.9063833333333333,20.002125,15.886009035416667,True,4.116115964583333
7,1.0,1.3,1.3,4.0,0.9063833333333333,20.002125,17.886009035416667,True,2.116115964583333
7,1.0,1.3,1.3,6.0,0.9063833333333333,20.002125,19.886009035416667,True,0.11611596458333295
7,1.0,1.3,1.3,8.0,0.9063833333333333,20.002125,21.886009035416667,False,-1.883884035416667
7,1.25,0.7,0.7,0.0,0.8952333333333333,10.770375,7.556079154166666,True,3.214295845833334
7,1.25,0.7,0.7,2.0,0.8952333333333333,10.770375,9.556079154166666,True,1.214295845833334
7,1.25,0.7,0.7,4.0,0.8952333333333333,10.770375,11.556079154166666,False,-0.7857041541666661
7,1.25,0.7,0.7,6.0,0.8952333333333333,10.770375,13.556079154166666,False,-2.785704154166666
7,1.25,0.7,0.7,8.0,0.8952333333333333,10.770375,15.556079154166666,False,-4.785704154166666
7,1.25,0.7,0.85,0.0,0.8952333333333333,10.770375,8.917729054166667,True,1.8526459458333324
7,1.25,0.7,0.85,2.0,0.8952333333333333,10.770375,10.917729054166667,False,-0.14735405416666758
7,1.25,0.7,0.85,4.0,0.8952333333333333,10.770375,12.917729054166667,False,-2.1473540541666676
7,1.25,0.7,0.85,6.0,0.8952333333333333,10.770375,14.917729054166667,False,-4.147354054166668
7,1.25,0.7,0.85,8.0,0.8952333333333333,10.770375,16.917729054166667,False,-6.147354054166668
7,1.25,0.7,1.0,0.0,0.8952333333333333,10.770375,10.279378954166667,True,0.4909960458333327
7,1.25,0.7,1.0,2.0,0.8952333333333333,10.770375,12.279378954166667,False,-1.5090039541666673
7,1.25,0.7,1.0,4.0,0.8952333333333333,10.770375,14.279378954166667,False,-3.5090039541666673
7,1.25,0.7,1.0,6.0,0.8952333333333333,10.770375,16.279378954166667,False,-5.509003954166667
7,1.25,0.7,1.0,8.0,0.8952333333333333,10.770375,18.279378954166667,False,-7.509003954166667
7,1.25,0.7,1.15,0.0,0.8952333333333333,10.770375,11.641028854166667,False,-0.8706538541666671
7,1.25,0.7,1.15,2.0,0.8952333333333333,10.770375,13.641028854166667,False,-2.870653854166667
7,1.25,0.7,1.15,4.0,0.8952333333333333,10.770375,15.641028854166667,False,-4.870653854166667
7,1.25,0.7,1.15,6.0,0.8952333333333333,10.770375,17.641028854166667,False,-6.870653854166667
7,1.25,0.7,1.15,8.0,0.8952333333333333,10.770375,19.641028854166667,False,-8.870653854166667
7,1.25,0.7,1.3,0.0,0.8952333333333333,10.770375,13.002678754166666,False,-2.232303754166667
7,1.25,0.7,1.3,2.0,0.8952333333333333,10.770375,15.002678754166666,False,-4.232303754166667
7,1.25,0.7,1.3,4.0,0.8952333333333333,10.770375,17.002678754166666,False,-6.232303754166667
7,1.25,0.7,1.3,6.0,0.8952333333333333,10.770375,19.002678754166666,False,-8.232303754166667
7,1.25,0.7,1.3,8.0,0.8952333333333333,10.770375,21.002678754166666,False,-10.232303754166667
7,1.25,0.85,0.7,0.0,0.8952333333333333,13.078312500000001,7.797874072916667,True,5.280438427083334
7,1.25,0.85,0.7,2.0,0.8952333333333333,13.078312500000001,9.797874072916667,True,3.280438427083334
7,1.25,0.85,0.7,4.0,0.8952333333333333,13.078312500000001,11.797874072916667,True,1.2804384270833342
7,1.25,0.85,0.7,6.0,0.8952333333333333,13.078312500000001,13.797874072916667,False,-0.7195615729166658
7,1.25,0.85,0.7,8.0,0.8952333333333333,13.078312500000001,15.797874072916667,False,-2.719561572916666
7,1.25,0.85,0.85,0.0,0.8952333333333333,13.078312500000001,9.159523972916666,True,3.9187885270833345
7,1.25,0.85,0.85,2.0,0.8952333333333333,13.078312500000001,11.159523972916666,True,1.9187885270833345
7,1.25,0.85,0.85,4.0,0.8952333333333333,13.078312500000001,13.159523972916666,False,-0.08121147291666553
7,1.25,0.85,0.85,6.0,0.8952333333333333,13.078312500000001,15.159523972916666,False,-2.0812114729166655
7,1.25,0.85,0.85,8.0,0.8952333333333333,13.078312500000001,17.159523972916666,False,-4.0812114729166655
7,1.25,0.85,1.0,0.0,0.8952333333333333,13.078312500000001,10.521173872916668,True,2.557138627083333
7,1.25,0.85,1.0,2.0,0.8952333333333333,13.078312500000001,12.521173872916668,True,0.557138627083333
7,1.25,0.85,1.0,4.0,0.8952333333333333,13.078312500000001,14.521173872916668,False,-1.442861372916667
7,1.25,0.85,1.0,6.0,0.8952333333333333,13.078312500000001,16.52117387291667,False,-3.442861372916669
7,1.25,0.85,1.0,8.0,0.8952333333333333,13.078312500000001,18.52117387291667,False,-5.442861372916669
7,1.25,0.85,1.15,0.0,0.8952333333333333,13.078312500000001,11.882823772916668,True,1.1954887270833332
7,1.25,0.85,1.15,2.0,0.8952333333333333,13.078312500000001,13.882823772916668,False,-0.8045112729166668
7,1.25,0.85,1.15,4.0,0.8952333333333333,13.078312500000001,15.882823772916668,False,-2.804511272916667
7,1.25,0.85,1.15,6.0,0.8952333333333333,13.078312500000001,17.882823772916666,False,-4.804511272916665
7,1.25,0.85,1.15,8.0,0.8952333333333333,13.078312500000001,19.882823772916666,False,-6.804511272916665
7,1.25,0.85,1.3,0.0,0.8952333333333333,13.078312500000001,13.244473672916667,False,-0.16616117291666654
7,1.25,0.85,1.3,2.0,0.8952333333333333,13.078312500000001,15.244473672916667,False,-2.1661611729166665
7,1.25,0.85,1.3,4.0,0.8952333333333333,13.078312500000001,17.24447367291667,False,-4.166161172916668
7,1.25,0.85,1.3,6.0,0.8952333333333333,13.078312500000001,19.24447367291667,False,-6.166161172916668
7,1.25,0.85,1.3,8.0,0.8952333333333333,13.078312500000001,21.24447367291667,False,-8.166161172916668
7,1.25,1.0,0.7,0.0,0.8952333333333333,15.38625,8.039668991666666,True,7.3465810083333345
7,1.25,1.0,0.7,2.0,0.8952333333333333,15.38625,10.039668991666666,True,5.3465810083333345
7,1.25,1.0,0.7,4.0,0.8952333333333333,15.38625,12.039668991666666,True,3.3465810083333345
7,1.25,1.0,0.7,6.0,0.8952333333333333,15.38625,14.039668991666666,True,1.3465810083333345
7,1.25,1.0,0.7,8.0,0.8952333333333333,15.38625,16.039668991666666,False,-0.6534189916666655
7,1.25,1.0,0.85,0.0,0.8952333333333333,15.38625,9.401318891666667,True,5.984931108333333
7,1.25,1.0,0.85,2.0,0.8952333333333333,15.38625,11.401318891666667,True,3.984931108333333
7,1.25,1.0,0.85,4.0,0.8952333333333333,15.38625,13.401318891666667,True,1.984931108333333
7,1.25,1.0,0.85,6.0,0.8952333333333333,15.38625,15.401318891666667,False,-0.015068891666667028
7,1.25,1.0,0.85,8.0,0.8952333333333333,15.38625,17.40131889166667,False,-2.015068891666669
7,1.25,1.0,1.0,0.0,0.8952333333333333,15.38625,10.762968791666667,True,4.623281208333333
7,1.25,1.0,1.0,2.0,0.8952333333333333,15.38625,12.762968791666667,True,2.6232812083333332
7,1.25,1.0,1.0,4.0,0.8952333333333333,15.38625,14.762968791666667,True,0.6232812083333332
7,1.25,1.0,1.0,6.0,0.8952333333333333,15.38625,16.762968791666665,False,-1.376718791666665
7,1.25,1.0,1.0,8.0,0.8952333333333333,15.38625,18.762968791666665,False,-3.376718791666665
7,1.25,1.0,1.15,0.0,0.8952333333333333,15.38625,12.124618691666667,True,3.2616313083333335
7,1.25,1.0,1.15,2.0,0.8952333333333333,15.38625,14.124618691666667,True,1.2616313083333335
7,1.25,1.0,1.15,4.0,0.8952333333333333,15.38625,16.12461869166667,False,-0.7383686916666683
7,1.25,1.0,1.15,6.0,0.8952333333333333,15.38625,18.12461869166667,False,-2.7383686916666683
7,1.25,1.0,1.15,8.0,0.8952333333333333,15.38625,20.12461869166667,False,-4.738368691666668
7,1.25,1.0,1.3,0.0,0.8952333333333333,15.38625,13.486268591666667,True,1.8999814083333337
7,1.25,1.0,1.3,2.0,0.8952333333333333,15.38625,15.486268591666667,False,-0.10001859166666627
7,1.25,1.0,1.3,4.0,0.8952333333333333,15.38625,17.486268591666665,False,-2.1000185916666645
7,1.25,1.0,1.3,6.0,0.8952333333333333,15.38625,19.486268591666665,False,-4.1000185916666645
7,1.25,1.0,1.3,8.0,0.8952333333333333,15.38625,21.486268591666665,False,-6.1000185916666645
7,1.25,1.15,0.7,0.0,0.8952333333333333,17.694187499999998,8.281463910416665,True,9.412723589583333
7,1.25,1.15,0.7,2.0,0.8952333333333333,17.694187499999998,10.281463910416665,True,7.412723589583333
7,1.25,1.15,0.7,4.0,0.8952333333333333,17.694187499999998,12.281463910416665,True,5.412723589583333
7,1.25,1.15,0.7,6.0,0.8952333333333333,17.694187499999998,14.281463910416665,True,3.412723589583333
7,1.25,1.15,0.7,8.0,0.8952333333333333,17.694187499999998,16.281463910416665,True,1.412723589583333
7,1.25,1.15,0.85,0.0,0.8952333333333333,17.694187499999998,9.643113810416667,True,8.051073689583331
7,1.25,1.15,0.85,2.0,0.8952333333333333,17.694187499999998,11.643113810416667,True,6.0510736895833315
7,1.25,1.15,0.85,4.0,0.8952333333333333,17.694187499999998,13.643113810416667,True,4.0510736895833315
7,1.25,1.15,0.85,6.0,0.8952333333333333,17.694187499999998,15.643113810416667,True,2.0510736895833315
7,1.25,1.15,0.85,8.0,0.8952333333333333,17.694187499999998,17.643113810416665,True,0.05107368958333325
7,1.25,1.15,1.0,0.0,0.8952333333333333,17.694187499999998,11.004763710416666,True,6.689423789583332
7,1.25,1.15,1.0,2.0,0.8952333333333333,17.694187499999998,13.004763710416666,True,4.689423789583332
7,1.25,1.15,1.0,4.0,0.8952333333333333,17.694187499999998,15.004763710416666,True,2.6894237895833317
7,1.25,1.15,1.0,6.0,0.8952333333333333,17.694187499999998,17.00476371041667,True,0.68942378958333
7,1.25,1.15,1.0,8.0,0.8952333333333333,17.694187499999998,19.00476371041667,False,-1.31057621041667
7,1.25,1.15,1.15,0.0,0.8952333333333333,17.694187499999998,12.366413610416666,True,5.327773889583332
7,1.25,1.15,1.15,2.0,0.8952333333333333,17.694187499999998,14.366413610416666,True,3.327773889583332
7,1.25,1.15,1.15,4.0,0.8952333333333333,17.694187499999998,16.366413610416664,True,1.3277738895833338
7,1.25,1.15,1.15,6.0,0.8952333333333333,17.694187499999998,18.366413610416664,False,-0.6722261104166662
7,1.25,1.15,1.15,8.0,0.8952333333333333,17.694187499999998,20.366413610416664,False,-2.6722261104166662
7,1.25,1.15,1.3,0.0,0.8952333333333333,17.694187499999998,13.728063510416666,True,3.9661239895833322
7,1.25,1.15,1.3,2.0,0.8952333333333333,17.694187499999998,15.728063510416666,True,1.9661239895833322
7,1.25,1.15,1.3,4.0,0.8952333333333333,17.694187499999998,17.728063510416668,False,-0.033876010416669544
7,1.25,1.15,1.3,6.0,0.8952333333333333,17.694187499999998,19.728063510416668,False,-2.0338760104166695
7,1.25,1.15,1.3,8.0,0.8952333333333333,17.694187499999998,21.728063510416668,False,-4.0338760104166695
7,1.25,1.3,0.7,0.0,0.8952333333333333,20.002125,8.523258829166666,True,11.478866170833333
7,1.25,1.3,0.7,2.0,0.8952333333333333,20.002125,10.523258829166666,True,9.478866170833333
7,1.25,1.3,0.7,4.0,0.8952333333333333,20.002125,12.523258829166666,True,7.478866170833333
7,1.25,1.3,0.7,6.0,0.8952333333333333,20.002125,14.523258829166666,True,5.478866170833333
7,1.25,1.3,0.7,8.0,0.8952333333333333,20.002125,16.523258829166664,True,3.478866170833335
7,1.25,1.3,0.85,0.0,0.8952333333333333,20.002125,9.884908729166668,True,10.117216270833332
7,1.25,1.3,0.85,2.0,0.8952333333333333,20.002125,11.884908729166668,True,8.117216270833332
7,1.25,1.3,0.85,4.0,0.8952333333333333,20.002125,13.884908729166668,True,6.117216270833332
7,1.25,1.3,0.85,6.0,0.8952333333333333,20.002125,15.884908729166668,True,4.117216270833332
7,1.25,1.3,0.85,8.0,0.8952333333333333,20.002125,17.884908729166668,True,2.1172162708333317
7,1.25,1.3,1.0,0.0,0.8952333333333333,20.002125,11.246558629166667,True,8.755566370833332
7,1.25,1.3,1.0,2.0,0.8952333333333333,20.002125,13.246558629166667,True,6.755566370833332
7,1.25,1.3,1.0,4.0,0.8952333333333333,20.002125,15.246558629166667,True,4.755566370833332
7,1.25,1.3,1.0,6.0,0.8952333333333333,20.002125,17.246558629166667,True,2.755566370833332
7,1.25,1.3,1.0,8.0,0.8952333333333333,20.002125,19.246558629166667,True,0.755566370833332
7,1.25,1.3,1.15,0.0,0.8952333333333333,20.002125,12.608208529166667,True,7.393916470833332
7,1.25,1.3,1.15,2.0,0.8952333333333333,20.002125,14.608208529166667,True,5.393916470833332
7,1.25,1.3,1.15,4.0,0.8952333333333333,20.002125,16.608208529166667,True,3.3939164708333323
7,1.25,1.3,1.15,6.0,0.8952333333333333,20.002125,18.608208529166667,True,1.3939164708333323
7,1.25,1.3,1.15,8.0,0.8952333333333333,20.002125,20.608208529166667,False,-0.6060835291666677
7,1.25,1.3,1.3,0.0,0.8952333333333333,20.002125,13.969858429166667,True,6.0322665708333325
7,1.25,1.3,1.3,2.0,0.8952333333333333,20.002125,15.969858429166667,True,4.0322665708333325
7,1.25,1.3,1.3,4.0,0.8952333333333333,20.002125,17.969858429166667,True,2.0322665708333325
7,1.25,1.3,1.3,6.0,0.8952333333333333,20.002125,19.969858429166667,True,0.03226657083333251
7,1.25,1.3,1.3,8.0,0.8952333333333333,20.002125,21.969858429166667,False,-1.9677334291666675
7,1.5,0.7,0.7,0.0,0.8775166666666666,10.770375,7.633543064583333,True,3.1368319354166667
7,1.5,0.7,0.7,2.0,0.8775166666666666,10.770375,9.633543064583332,True,1.1368319354166676
7,1.5,0.7,0.7,4.0,0.8775166666666666,10.770375,11.633543064583332,False,-0.8631680645833324
7,1.5,0.7,0.7,6.0,0.8775166666666666,10.770375,13.633543064583332,False,-2.8631680645833324
7,1.5,0.7,0.7,8.0,0.8775166666666666,10.770375,15.633543064583332,False,-4.863168064583332
7,1.5,0.7,0.85,0.0,0.8775166666666666,10.770375,8.968245914583333,True,1.8021290854166665
7,1.5,0.7,0.85,2.0,0.8775166666666666,10.770375,10.968245914583333,False,-0.1978709145833335
7,1.5,0.7,0.85,4.0,0.8775166666666666,10.770375,12.968245914583333,False,-2.1978709145833335
7,1.5,0.7,0.85,6.0,0.8775166666666666,10.770375,14.968245914583333,False,-4.1978709145833335
7,1.5,0.7,0.85,8.0,0.8775166666666666,10.770375,16.968245914583335,False,-6.197870914583335
7,1.5,0.7,1.0,0.0,0.8775166666666666,10.770375,10.302948764583334,True,0.4674262354166654
7,1.5,0.7,1.0,2.0,0.8775166666666666,10.770375,12.302948764583334,False,-1.5325737645833346
7,1.5,0.7,1.0,4.0,0.8775166666666666,10.770375,14.302948764583334,False,-3.5325737645833346
7,1.5,0.7,1.0,6.0,0.8775166666666666,10.770375,16.302948764583334,False,-5.532573764583335
7,1.5,0.7,1.0,8.0,0.8775166666666666,10.770375,18.302948764583334,False,-7.532573764583335
7,1.5,0.7,1.15,0.0,0.8775166666666666,10.770375,11.637651614583334,False,-0.8672766145833339
7,1.5,0.7,1.15,2.0,0.8775166666666666,10.770375,13.637651614583334,False,-2.867276614583334
7,1.5,0.7,1.15,4.0,0.8775166666666666,10.770375,15.637651614583334,False,-4.867276614583334
7,1.5,0.7,1.15,6.0,0.8775166666666666,10.770375,17.637651614583334,False,-6.867276614583334
7,1.5,0.7,1.15,8.0,0.8775166666666666,10.770375,19.637651614583334,False,-8.867276614583334
7,1.5,0.7,1.3,0.0,0.8775166666666666,10.770375,12.972354464583335,False,-2.201979464583335
7,1.5,0.7,1.3,2.0,0.8775166666666666,10.770375,14.972354464583335,False,-4.201979464583335
7,1.5,0.7,1.3,4.0,0.8775166666666666,10.770375,16.972354464583333,False,-6.201979464583333
7,1.5,0.7,1.3,6.0,0.8775166666666666,10.770375,18.972354464583333,False,-8.201979464583333
7,1.5,0.7,1.3,8.0,0.8775166666666666,10.770375,20.972354464583333,False,-10.201979464583333
7,1.5,0.85,0.7,0.0,0.8775166666666666,13.078312500000001,7.916226942708334,True,5.162085557291667
7,1.5,0.85,0.7,2.0,0.8775166666666666,13.078312500000001,9.916226942708334,True,3.1620855572916664
7,1.5,0.85,0.7,4.0,0.8775166666666666,13.078312500000001,11.916226942708334,True,1.1620855572916664
7,1.5,0.85,0.7,6.0,0.8775166666666666,13.078312500000001,13.916226942708334,False,-0.8379144427083336
7,1.5,0.85,0.7,8.0,0.8775166666666666,13.078312500000001,15.916226942708334,False,-2.8379144427083336
7,1.5,0.85,0.85,0.0,0.8775166666666666,13.078312500000001,9.250929792708334,True,3.827382707291667
7,1.5,0.85,0.85,2.0,0.8775166666666666,13.078312500000001,11.250929792708334,True,1.827382707291667
7,1.5,0.85,0.85,4.0,0.8775166666666666,13.078312500000001,13.250929792708334,False,-0.17261729270833293
7,1.5,0.85,0.85,6.0,0.8775166666666666,13.078312500000001,15.250929792708334,False,-2.172617292708333
7,1.5,0.85,0.85,8.0,0.8775166666666666,13.078312500000001,17.250929792708334,False,-4.172617292708333
7,1.5,0.85,1.0,0.0,0.8775166666666666,13.078312500000001,10.585632642708333,True,2.4926798572916677
7,1.5,0.85,1.0,2.0,0.8775166666666666,13.078312500000001,12.585632642708333,True,0.49267985729166774
7,1.5,0.85,1.0,4.0,0.8775166666666666,13.078312500000001,14.585632642708333,False,-1.5073201427083323
7,1.5,0.85,1.0,6.0,0.8775166666666666,13.078312500000001,16.585632642708333,False,-3.5073201427083323
7,1.5,0.85,1.0,8.0,0.8775166666666666,13.078312500000001,18.585632642708333,False,-5.507320142708332
7,1.5,0.85,1.15,0.0,0.8775166666666666,13.078312500000001,11.920335492708332,True,1.1579770072916684
7,1.5,0.85,1.15,2.0,0.8775166666666666,13.078312500000001,13.920335492708332,False,-0.8420229927083316
7,1.5,0.85,1.15,4.0,0.8775166666666666,13.078312500000001,15.920335492708332,False,-2.8420229927083316
7,1.5,0.85,1.15,6.0,0.8775166666666666,13.078312500000001,17.920335492708332,False,-4.842022992708332
7,1.5,0.85,1.15,8.0,0.8775166666666666,13.078312500000001,19.920335492708332,False,-6.842022992708332
7,1.5,0.85,1.3,0.0,0.8775166666666666,13.078312500000001,13.255038342708334,False,-0.1767258427083327
7,1.5,0.85,1.3,2.0,0.8775166666666666,13.078312500000001,15.255038342708334,False,-2.1767258427083327
7,1.5,0.85,1.3,4.0,0.8775166666666666,13.078312500000001,17.255038342708332,False,-4.176725842708331
7,1.5,0.85,1.3,6.0,0.8775166666666666,13.078312500000001,19.255038342708332,False,-6.176725842708331
7,1.5,0.85,1.3,8.0,0.8775166666666666,13.078312500000001,21.255038342708332,False,-8.176725842708331
7,1.5,1.0,0.7,0.0,0.8775166666666666,15.38625,8.198910820833333,True,7.187339179166667
7,1.5,1.0,0.7,2.0,0.8775166666666666,15.38625,10.198910820833333,True,5.187339179166667
7,1.5,1.0,0.7,4.0,0.8775166666666666,15.38625,12.198910820833333,True,3.187339179166667
7,1.5,1.0,0.7,6.0,0.8775166666666666,15.38625,14.198910820833333,True,1.187339179166667
7,1.5,1.0,0.7,8.0,0.8775166666666666,15.38625,16.198910820833333,False,-0.812660820833333
7,1.5,1.0,0.85,0.0,0.8775166666666666,15.38625,9.533613670833333,True,5.852636329166668
7,1.5,1.0,0.85,2.0,0.8775166666666666,15.38625,11.533613670833333,True,3.8526363291666677
7,1.5,1.0,0.85,4.0,0.8775166666666666,15.38625,13.533613670833333,True,1.8526363291666677
7,1.5,1.0,0.85,6.0,0.8775166666666666,15.38625,15.533613670833333,False,-0.14736367083333235
7,1.5,1.0,0.85,8.0,0.8775166666666666,15.38625,17.533613670833333,False,-2.1473636708333323
7,1.5,1.0,1.0,0.0,0.8775166666666666,15.38625,10.868316520833334,True,4.5179334791666665
7,1.5,1.0,1.0,2.0,0.8775166666666666,15.38625,12.868316520833334,True,2.5179334791666665
7,1.5,1.0,1.0,4.0,0.8775166666666666,15.38625,14.868316520833334,True,0.5179334791666665
7,1.5,1.0,1.0,6.0,0.8775166666666666,15.38625,16.868316520833332,False,-1.4820665208333317
7,1.5,1.0,1.0,8.0,0.8775166666666666,15.38625,18.868316520833332,False,-3.4820665208333317
7,1.5,1.0,1.15,0.0,0.8775166666666666,15.38625,12.203019370833333,True,3.183230629166667
7,1.5,1.0,1.15,2.0,0.8775166666666666,15.38625,14.203019370833333,True,1.1832306291666672
7,1.5,1.0,1.15,4.0,0.8775166666666666,15.38625,16.20301937083333,False,-0.816769370833331
7,1.5,1.0,1.15,6.0,0.8775166666666666,15.38625,18.20301937083333,False,-2.816769370833331
7,1.5,1.0,1.15,8.0,0.8775166666666666,15.38625,20.20301937083333,False,-4.816769370833331
7,1.5,1.0,1.3,0.0,0.8775166666666666,15.38625,13.537722220833334,True,1.848527779166666
7,1.5,1.0,1.3,2.0,0.8775166666666666,15.38625,15.537722220833334,False,-0.1514722208333339
7,1.5,1.0,1.3,4.0,0.8775166666666666,15.38625,17.537722220833334,False,-2.151472220833334
7,1.5,1.0,1.3,6.0,0.8775166666666666,15.38625,19.537722220833334,False,-4.151472220833334
7,1.5,1.0,1.3,8.0,0.8775166666666666,15.38625,21.537722220833334,False,-6.151472220833334
7,1.5,1.15,0.7,0.0,0.8775166666666666,17.694187499999998,8.481594698958332,True,9.212592801041666
7,1.5,1.15,0.7,2.0,0.8775166666666666,17.694187499999998,10.481594698958332,True,7.212592801041666
7,1.5,1.15,0.7,4.0,0.8775166666666666,17.694187499999998,12.481594698958332,True,5.212592801041666
7,1.5,1.15,0.7,6.0,0.8775166666666666,17.694187499999998,14.481594698958332,True,3.212592801041666
7,1.5,1.15,0.7,8.0,0.8775166666666666,17.694187499999998,16.481594698958332,True,1.2125928010416658
7,1.5,1.15,0.85,0.0,0.8775166666666666,17.694187499999998,9.816297548958334,True,7.877889951041665
7,1.5,1.15,0.85,2.0,0.8775166666666666,17.694187499999998,11.816297548958334,True,5.877889951041665
7,1.5,1.15,0.85,4.0,0.8775166666666666,17.694187499999998,13.816297548958334,True,3.8778899510416647
7,1.5,1.15,0.85,6.0,0.8775166666666666,17.694187499999998,15.816297548958334,True,1.8778899510416647
7,1.5,1.15,0.85,8.0,0.8775166666666666,17.694187499999998,17.81629754895833,False,-0.12211004895833355
7,1.5,1.15,1.0,0.0,0.8775166666666666,17.694187499999998,11.151000398958335,True,6.543187101041664
7,1.5,1.15,1.0,2.0,0.8775166666666666,17.694187499999998,13.151000398958335,True,4.543187101041664
7,1.5,1.15,1.0,4.0,0.8775166666666666,17.694187499999998,15.151000398958335,True,2.5431871010416636
7,1.5,1.15,1.0,6.0,0.8775166666666666,17.694187499999998,17.151000398958335,True,0.5431871010416636
7,1.5,1.15,1.0,8.0,0.8775166666666666,17.694187499999998,19.151000398958335,False,-1.4568128989583364
7,1.5,1.15,1.15,0.0,0.8775166666666666,17.694187499999998,12.485703248958334,True,5.208484251041664
7,1.5,1.15,1.15,2.0,0.8775166666666666,17.694187499999998,14.485703248958334,True,3.2084842510416642
7,1.5,1.15,1.15,4.0,0.8775166666666666,17.694187499999998,16.485703248958334,True,1.2084842510416642
7,1.5,1.15,1.15,6.0,0.8775166666666666,17.694187499999998,18.485703248958334,False,-0.7915157489583358
7,1.5,1.15,1.15,8.0,0.8775166666666666,17.694187499999998,20.485703248958334,False,-2.7915157489583358
7,1.5,1.15,1.3,0.0,0.8775166666666666,17.694187499999998,13.820406098958333,True,3.873781401041665
7,1.5,1.15,1.3,2.0,0.8775166666666666,17.694187499999998,15.820406098958333,True,1.873781401041665
7,1.5,1.15,1.3,4.0,0.8775166666666666,17.694187499999998,17.820406098958333,False,-0.1262185989583351
7,1.5,1.15,1.3,6.0,0.8775166666666666,17.694187499999998,19.820406098958333,False,-2.126218598958335
7,1.5,1.15,1.3,8.0,0.8775166666666666,17.694187499999998,21.820406098958333,False,-4.126218598958335
7,1.5,1.3,0.7,0.0,0.8775166666666666,20.002125,8.764278577083333,True,11.237846422916666
7,1.5,1.3,0.7,2.0,0.8775166666666666,20.002125,10.764278577083333,True,9.237846422916666
7,1.5,1.3,0.7,4.0,0.8775166666666666,20.002125,12.764278577083333,True,7.237846422916666
7,1.5,1.3,0.7,6.0,0.8775166666666666,20.002125,14.764278577083333,True,5.237846422916666
7,1.5,1.3,0.7,8.0,0.8775166666666666,20.002125,16.76427857708333,True,3.237846422916668
7,1.5,1.3,0.85,0.0,0.8775166666666666,20.002125,10.098981427083334,True,9.903143572916665
7,1.5,1.3,0.85,2.0,0.8775166666666666,20.002125,12.098981427083334,True,7.903143572916665
7,1.5,1.3,0.85,4.0,0.8775166666666666,20.002125,14.098981427083334,True,5.903143572916665
7,1.5,1.3,0.85,6.0,0.8775166666666666,20.002125,16.098981427083334,True,3.9031435729166652
7,1.5,1.3,0.85,8.0,0.8775166666666666,20.002125,18.098981427083334,True,1.9031435729166652
7,1.5,1.3,1.0,0.0,0.8775166666666666,20.002125,11.433684277083334,True,8.568440722916666
7,1.5,1.3,1.0,2.0,0.8775166666666666,20.002125,13.433684277083334,True,6.568440722916666
7,1.5,1.3,1.0,4.0,0.8775166666666666,20.002125,15.433684277083334,True,4.568440722916666
7,1.5,1.3,1.0,6.0,0.8775166666666666,20.002125,17.433684277083334,True,2.568440722916666
7,1.5,1.3,1.0,8.0,0.8775166666666666,20.002125,19.433684277083334,True,0.5684407229166659
7,1.5,1.3,1.15,0.0,0.8775166666666666,20.002125,12.768387127083333,True,7.233737872916667
7,1.5,1.3,1.15,2.0,0.8775166666666666,20.002125,14.768387127083333,True,5.233737872916667
7,1.5,1.3,1.15,4.0,0.8775166666666666,20.002125,16.768387127083333,True,3.2337378729166666
7,1.5,1.3,1.15,6.0,0.8775166666666666,20.002125,18.768387127083333,True,1.2337378729166666
7,1.5,1.3,1.15,8.0,0.8775166666666666,20.002125,20.768387127083333,False,-0.7662621270833334
7,1.5,1.3,1.3,0.0,0.8775166666666666,20.002125,14.103089977083334,True,5.8990350229166655
7,1.5,1.3,1.3,2.0,0.8775166666666666,20.002125,16.103089977083336,True,3.8990350229166637
7,1.5,1.3,1.3,4.0,0.8775166666666666,20.002125,18.103089977083336,True,1.8990350229166637
7,1.5,1.3,1.3,6.0,0.8775166666666666,20.002125,20.103089977083336,False,-0.1009649770833363
7,1.5,1.3,1.3,8.0,0.8775166666666666,20.002125,22.103089977083336,False,-2.1009649770833363
10,0.75,0.7,0.7,0.0,0.9034166666666666,10.96725,7.7669743958333335,True,3.2002756041666665
10,0.75,0.7,0.7,2.0,0.9034166666666666,10.96725,9.766974395833333,True,1.2002756041666665
10,0.75,0.7,0.7,4.0,0.9034166666666666,10.96725,11.766974395833333,False,-0.7997243958333335
10,0.75,0.7,0.7,6.0,0.9034166666666666,10.96725,13.766974395833333,False,-2.7997243958333335
10,0.75,0.7,0.7,8.0,0.9034166666666666,10.96725,15.766974395833333,False,-4.7997243958333335
10,0.75,0.7,0.85,0.0,0.9034166666666666,10.96725,9.189855645833331,True,1.7773943541666686
10,0.75,0.7,0.85,2.0,0.9034166666666666,10.96725,11.189855645833331,False,-0.22260564583333142
10,0.75,0.7,0.85,4.0,0.9034166666666666,10.96725,13.189855645833331,False,-2.2226056458333314
10,0.75,0.7,0.85,6.0,0.9034166666666666,10.96725,15.189855645833331,False,-4.222605645833331
10,0.75,0.7,0.85,8.0,0.9034166666666666,10.96725,17.189855645833333,False,-6.222605645833333
10,0.75,0.7,1.0,0.0,0.9034166666666666,10.96725,10.612736895833333,True,0.35451310416666715
10,0.75,0.7,1.0,2.0,0.9034166666666666,10.96725,12.612736895833333,False,-1.6454868958333329
10,0.75,0.7,1.0,4.0,0.9034166666666666,10.96725,14.612736895833333,False,-3.645486895833333
10,0.75,0.7,1.0,6.0,0.9034166666666666,10.96725,16.612736895833333,False,-5.645486895833333
10,0.75,0.7,1.0,8.0,0.9034166666666666,10.96725,18.612736895833333,False,-7.645486895833333
10,0.75,0.7,1.15,0.0,0.9034166666666666,10.96725,12.035618145833332,False,-1.0683681458333325
10,0.75,0.7,1.15,2.0,0.9034166666666666,10.96725,14.035618145833332,False,-3.0683681458333325
10,0.75,0.7,1.15,4.0,0.9034166666666666,10.96725,16.035618145833332,False,-5.0683681458333325
10,0.75,0.7,1.15,6.0,0.9034166666666666,10.96725,18.035618145833332,False,-7.0683681458333325
10,0.75,0.7,1.15,8.0,0.9034166666666666,10.96725,20.035618145833332,False,-9.068368145833333
10,0.75,0.7,1.3,0.0,0.9034166666666666,10.96725,13.458499395833332,False,-2.491249395833332
10,0.75,0.7,1.3,2.0,0.9034166666666666,10.96725,15.458499395833332,False,-4.491249395833332
10,0.75,0.7,1.3,4.0,0.9034166666666666,10.96725,17.458499395833332,False,-6.491249395833332
10,0.75,0.7,1.3,6.0,0.9034166666666666,10.96725,19.458499395833332,False,-8.491249395833332
10,0.75,0.7,1.3,8.0,0.9034166666666666,10.96725,21.458499395833332,False,-10.491249395833332
10,0.75,0.85,0.7,0.0,0.9034166666666666,13.317375,7.993957302083333,True,5.323417697916667
10,0.75,0.85,0.7,2.0,0.9034166666666666,13.317375,9.993957302083334,True,3.323417697916666
10,0.75,0.85,0.7,4.0,0.9034166666666666,13.317375,11.993957302083334,True,1.3234176979166659
10,0.75,0.85,0.7,6.0,0.9034166666666666,13.317375,13.993957302083334,False,-0.6765823020833341
10,0.75,0.85,0.7,8.0,0.9034166666666666,13.317375,15.993957302083334,False,-2.676582302083334
10,0.75,0.85,0.85,0.0,0.9034166666666666,13.317375,9.416838552083332,True,3.900536447916668
10,0.75,0.85,0.85,2.0,0.9034166666666666,13.317375,11.416838552083332,True,1.900536447916668
10,0.75,0.85,0.85,4.0,0.9034166666666666,13.317375,13.416838552083332,False,-0.09946355208333202
10,0.75,0.85,0.85,6.0,0.9034166666666666,13.317375,15.416838552083332,False,-2.099463552083332
10,0.75,0.85,0.85,8.0,0.9034166666666666,13.317375,17.416838552083334,False,-4.099463552083334
10,0.75,0.85,1.0,0.0,0.9034166666666666,13.317375,10.839719802083334,True,2.4776551979166666
10,0.75,0.85,1.0,2.0,0.9034166666666666,13.317375,12.839719802083334,True,0.47765519791666655
10,0.75,0.85,1.0,4.0,0.9034166666666666,13.317375,14.839719802083334,False,-1.5223448020833334
10,0.75,0.85,1.0,6.0,0.9034166666666666,13.317375,16.839719802083334,False,-3.5223448020833334
10,0.75,0.85,1.0,8.0,0.9034166666666666,13.317375,18.839719802083334,False,-5.5223448020833334
10,0.75,0.85,1.15,0.0,0.9034166666666666,13.317375,12.262601052083333,True,1.054773947916667
10,0.75,0.85,1.15,2.0,0.9034166666666666,13.317375,14.262601052083333,False,-0.9452260520833331
10,0.75,0.85,1.15,4.0,0.9034166666666666,13.317375,16.262601052083333,False,-2.945226052083333
10,0.75,0.85,1.15,6.0,0.9034166666666666,13.317375,18.262601052083333,False,-4.945226052083333
10,0.75,0.85,1.15,8.0,0.9034166666666666,13.317375,20.262601052083333,False,-6.945226052083333
10,0.75,0.85,1.3,0.0,0.9034166666666666,13.317375,13.685482302083333,False,-0.36810730208333275
10,0.75,0.85,1.3,2.0,0.9034166666666666,13.317375,15.685482302083333,False,-2.3681073020833328
10,0.75,0.85,1.3,4.0,0.9034166666666666,13.317375,17.685482302083333,False,-4.368107302083333
10,0.75,0.85,1.3,6.0,0.9034166666666666,13.317375,19.685482302083333,False,-6.368107302083333
10,0.75,0.85,1.3,8.0,0.9034166666666666,13.317375,21.685482302083333,False,-8.368107302083333
10,0.75,1.0,0.7,0.0,0.9034166666666666,15.6675,8.220940208333333,True,7.446559791666667
10,0.75,1.0,0.7,2.0,0.9034166666666666,15.6675,10.220940208333333,True,5.446559791666667
10,0.75,1.0,0.7,4.0,0.9034166666666666,15.6675,12.220940208333333,True,3.446559791666667
10,0.75,1.0,0.7,6.0,0.9034166666666666,15.6675,14.220940208333333,True,1.446559791666667
10,0.75,1.0,0.7,8.0,0.9034166666666666,15.6675,16.22094020833333,False,-0.5534402083333312
10,0.75,1.0,0.85,0.0,0.9034166666666666,15.6675,9.643821458333333,True,6.023678541666667
10,0.75,1.0,0.85,2.0,0.9034166666666666,15.6675,11.643821458333333,True,4.023678541666667
10,0.75,1.0,0.85,4.0,0.9034166666666666,15.6675,13.643821458333333,True,2.0236785416666674
10,0.75,1.0,0.85,6.0,0.9034166666666666,15.6675,15.643821458333333,True,0.023678541666667385
10,0.75,1.0,0.85,8.0,0.9034166666666666,15.6675,17.643821458333335,False,-1.9763214583333344
10,0.75,1.0,1.0,0.0,0.9034166666666666,15.6675,11.066702708333334,True,4.600797291666666
10,0.75,1.0,1.0,2.0,0.9034166666666666,15.6675,13.066702708333334,True,2.600797291666666
10,0.75,1.0,1.0,4.0,0.9034166666666666,15.6675,15.066702708333334,True,0.600797291666666
10,0.75,1.0,1.0,6.0,0.9034166666666666,15.6675,17.066702708333334,False,-1.399202708333334
10,0.75,1.0,1.0,8.0,0.9034166666666666,15.6675,19.066702708333334,False,-3.399202708333334
10,0.75,1.0,1.15,0.0,0.9034166666666666,15.6675,12.489583958333334,True,3.1779160416666663
10,0.75,1.0,1.15,2.0,0.9034166666666666,15.6675,14.489583958333334,True,1.1779160416666663
10,0.75,1.0,1.15,4.0,0.9034166666666666,15.6675,16.489583958333334,False,-0.8220839583333337
10,0.75,1.0,1.15,6.0,0.9034166666666666,15.6675,18.489583958333334,False,-2.8220839583333337
10,0.75,1.0,1.15,8.0,0.9034166666666666,15.6675,20.489583958333334,False,-4.822083958333334
10,0.75,1.0,1.3,0.0,0.9034166666666666,15.6675,13.912465208333334,True,1.7550347916666666
10,0.75,1.0,1.3,2.0,0.9034166666666666,15.6675,15.912465208333334,False,-0.24496520833333335
10,0.75,1.0,1.3,4.0,0.9034166666666666,15.6675,17.912465208333334,False,-2.2449652083333334
10,0.75,1.0,1.3,6.0,0.9034166666666666,15.6675,19.912465208333334,False,-4.244965208333333
10,0.75,1.0,1.3,8.0,0.9034166666666666,15.6675,21.912465208333334,False,-6.244965208333333
10,0.75,1.15,0.7,0.0,0.9034166666666666,18.017625,8.447923114583332,True,9.569701885416666
10,0.75,1.15,0.7,2.0,0.9034166666666666,18.017625,10.447923114583332,True,7.569701885416666
10,0.75,1.15,0.7,4.0,0.9034166666666666,18.017625,12.447923114583332,True,5.569701885416666
10,0.75,1.15,0.7,6.0,0.9034166666666666,18.017625,14.447923114583332,True,3.5697018854166664
10,0.75,1.15,0.7,8.0,0.9034166666666666,18.017625,16.447923114583332,True,1.5697018854166664
10,0.75,1.15,0.85,0.0,0.9034166666666666,18.017625,9.870804364583332,True,8.146820635416667
10,0.75,1.15,0.85,2.0,0.9034166666666666,18.017625,11.870804364583332,True,6.146820635416667
10,0.75,1.15,0.85,4.0,0.9034166666666666,18.017625,13.870804364583332,True,4.146820635416667
10,0.75,1.15,0.85,6.0,0.9034166666666666,18.017625,15.870804364583332,True,2.146820635416667
10,0.75,1.15,0.85,8.0,0.9034166666666666,18.017625,17.870804364583332,True,0.1468206354166668
10,0.75,1.15,1.0,0.0,0.9034166666666666,18.017625,11.293685614583334,True,6.723939385416665
10,0.75,1.15,1.0,2.0,0.9034166666666666,18.017625,13.293685614583334,True,4.723939385416665
10,0.75,1.15,1.0,4.0,0.9034166666666666,18.017625,15.293685614583334,True,2.7239393854166654
10,0.75,1.15,1.0,6.0,0.9034166666666666,18.017625,17.29368561458333,True,0.7239393854166671
10,0.75,1.15,1.0,8.0,0.9034166666666666,18.017625,19.29368561458333,False,-1.2760606145833329
10,0.75,1.15,1.15,0.0,0.9034166666666666,18.017625,12.716566864583333,True,5.301058135416666
10,0.75,1.15,1.15,2.0,0.9034166666666666,18.017625,14.716566864583333,True,3.3010581354166657
10,0.75,1.15,1.15,4.0,0.9034166666666666,18.017625,16.716566864583335,True,1.301058135416664
10,0.75,1.15,1.15,6.0,0.9034166666666666,18.017625,18.716566864583335,False,-0.6989418645833361
10,0.75,1.15,1.15,8.0,0.9034166666666666,18.017625,20.716566864583335,False,-2.698941864583336
10,0.75,1.15,1.3,0.0,0.9034166666666666,18.017625,14.139448114583333,True,3.878176885416666
10,0.75,1.15,1.3,2.0,0.9034166666666666,18.017625,16.13944811458333,True,1.8781768854166678
10,0.75,1.15,1.3,4.0,0.9034166666666666,18.017625,18.13944811458333,False,-0.12182311458333217
10,0.75,1.15,1.3,6.0,0.9034166666666666,18.017625,20.13944811458333,False,-2.121823114583332
10,0.75,1.15,1.3,8.0,0.9034166666666666,18.017625,22.13944811458333,False,-4.121823114583332
10,0.75,1.3,0.7,0.0,0.9034166666666666,20.36775,8.674906020833333,True,11.692843979166668
10,0.75,1.3,0.7,2.0,0.9034166666666666,20.36775,10.674906020833333,True,9.692843979166668
10,0.75,1.3,0.7,4.0,0.9034166666666666,20.36775,12.674906020833333,True,7.692843979166668
10,0.75,1.3,0.7,6.0,0.9034166666666666,20.36775,14.674906020833333,True,5.692843979166668
10,0.75,1.3,0.7,8.0,0.9034166666666666,20.36775,16.674906020833333,True,3.6928439791666676
10,0.75,1.3,0.85,0.0,0.9034166666666666,20.36775,10.097787270833333,True,10.269962729166668
10,0.75,1.3,0.85,2.0,0.9034166666666666,20.36775,12.097787270833333,True,8.269962729166668
10,0.75,1.3,0.85,4.0,0.9034166666666666,20.36775,14.097787270833333,True,6.269962729166668
10,0.75,1.3,0.85,6.0,0.9034166666666666,20.36775,16.097787270833333,True,4.269962729166668
10,0.75,1.3,0.85,8.0,0.9034166666666666,20.36775,18.097787270833333,True,2.269962729166668
10,0.75,1.3,1.0,0.0,0.9034166666666666,20.36775,11.520668520833334,True,8.847081479166667
10,0.75,1.3,1.0,2.0,0.9034166666666666,20.36775,13.520668520833334,True,6.8470814791666665
10,0.75,1.3,1.0,4.0,0.9034166666666666,20.36775,15.520668520833334,True,4.8470814791666665
10,0.75,1.3,1.0,6.0,0.9034166666666666,20.36775,17.520668520833333,True,2.8470814791666683
10,0.75,1.3,1.0,8.0,0.9034166666666666,20.36775,19.520668520833333,True,0.8470814791666683
10,0.75,1.3,1.15,0.0,0.9034166666666666,20.36775,12.943549770833334,True,7.424200229166667
10,0.75,1.3,1.15,2.0,0.9034166666666666,20.36775,14.943549770833334,True,5.424200229166667
10,0.75,1.3,1.15,4.0,0.9034166666666666,20.36775,16.943549770833336,True,3.424200229166665
10,0.75,1.3,1.15,6.0,0.9034166666666666,20.36775,18.943549770833336,True,1.424200229166665
10,0.75,1.3,1.15,8.0,0.9034166666666666,20.36775,20.943549770833336,False,-0.5757997708333349
10,0.75,1.3,1.3,0.0,0.9034166666666666,20.36775,14.366431020833334,True,6.001318979166667
10,0.75,1.3,1.3,2.0,0.9034166666666666,20.36775,16.366431020833332,True,4.001318979166669
10,0.75,1.3,1.3,4.0,0.9034166666666666,20.36775,18.366431020833332,True,2.001318979166669
10,0.75,1.3,1.3,6.0,0.9034166666666666,20.36775,20.366431020833332,True,0.0013189791666690098
10,0.75,1.3,1.3,8.0,0.9034166666666666,20.36775,22.366431020833332,False,-1.998681020833331
10,1.0,0.7,0.7,0.0,0.8825833333333334,10.96725,7.856917104166666,True,3.1103328958333343
10,1.0,0.7,0.7,2.0,0.8825833333333334,10.96725,9.856917104166666,True,1.1103328958333343
10,1.0,0.7,0.7,4.0,0.8825833333333334,10.96725,11.856917104166666,False,-0.8896671041666657
10,1.0,0.7,0.7,6.0,0.8825833333333334,10.96725,13.856917104166666,False,-2.8896671041666657
10,1.0,0.7,0.7,8.0,0.8825833333333334,10.96725,15.856917104166666,False,-4.889667104166666
10,1.0,0.7,0.85,0.0,0.8825833333333334,10.96725,9.246985854166667,True,1.7202641458333332
10,1.0,0.7,0.85,2.0,0.8825833333333334,10.96725,11.246985854166667,False,-0.2797358541666668
10,1.0,0.7,0.85,4.0,0.8825833333333334,10.96725,13.246985854166667,False,-2.279735854166667
10,1.0,0.7,0.85,6.0,0.8825833333333334,10.96725,15.246985854166667,False,-4.279735854166667
10,1.0,0.7,0.85,8.0,0.8825833333333334,10.96725,17.246985854166667,False,-6.279735854166667
10,1.0,0.7,1.0,0.0,0.8825833333333334,10.96725,10.637054604166666,True,0.3301953958333339
10,1.0,0.7,1.0,2.0,0.8825833333333334,10.96725,12.637054604166666,False,-1.669804604166666
10,1.0,0.7,1.0,4.0,0.8825833333333334,10.96725,14.637054604166666,False,-3.669804604166666
10,1.0,0.7,1.0,6.0,0.8825833333333334,10.96725,16.637054604166664,False,-5.669804604166664
10,1.0,0.7,1.0,8.0,0.8825833333333334,10.96725,18.637054604166664,False,-7.669804604166664
10,1.0,0.7,1.15,0.0,0.8825833333333334,10.96725,12.027123354166665,False,-1.0598733541666654
10,1.0,0.7,1.15,2.0,0.8825833333333334,10.96725,14.027123354166665,False,-3.0598733541666654
10,1.0,0.7,1.15,4.0,0.8825833333333334,10.96725,16.027123354166665,False,-5.059873354166665
10,1.0,0.7,1.15,6.0,0.8825833333333334,10.96725,18.027123354166665,False,-7.059873354166665
10,1.0,0.7,1.15,8.0,0.8825833333333334,10.96725,20.027123354166665,False,-9.059873354166665
10,1.0,0.7,1.3,0.0,0.8825833333333334,10.96725,13.417192104166666,False,-2.4499421041666665
10,1.0,0.7,1.3,2.0,0.8825833333333334,10.96725,15.417192104166666,False,-4.4499421041666665
10,1.0,0.7,1.3,4.0,0.8825833333333334,10.96725,17.417192104166666,False,-6.4499421041666665
10,1.0,0.7,1.3,6.0,0.8825833333333334,10.96725,19.417192104166666,False,-8.449942104166666
10,1.0,0.7,1.3,8.0,0.8825833333333334,10.96725,21.417192104166666,False,-10.449942104166666
10,1.0,0.85,0.7,0.0,0.8825833333333334,13.317375,8.132860947916665,True,5.184514052083335
10,1.0,0.85,0.7,2.0,0.8825833333333334,13.317375,10.132860947916665,True,3.184514052083335
10,1.0,0.85,0.7,4.0,0.8825833333333334,13.317375,12.132860947916665,True,1.184514052083335
10,1.0,0.85,0.7,6.0,0.8825833333333334,13.317375,14.132860947916665,False,-0.815485947916665
10,1.0,0.85,0.7,8.0,0.8825833333333334,13.317375,16.132860947916665,False,-2.815485947916665
10,1.0,0.85,0.85,0.0,0.8825833333333334,13.317375,9.522929697916666,True,3.794445302083334
10,1.0,0.85,0.85,2.0,0.8825833333333334,13.317375,11.522929697916666,True,1.794445302083334
10,1.0,0.85,0.85,4.0,0.8825833333333334,13.317375,13.522929697916666,False,-0.20555469791666603
10,1.0,0.85,0.85,6.0,0.8825833333333334,13.317375,15.522929697916666,False,-2.205554697916666
10,1.0,0.85,0.85,8.0,0.8825833333333334,13.317375,17.522929697916666,False,-4.205554697916666
10,1.0,0.85,1.0,0.0,0.8825833333333334,13.317375,10.912998447916666,True,2.4043765520833347
10,1.0,0.85,1.0,2.0,0.8825833333333334,13.317375,12.912998447916666,True,0.4043765520833347
10,1.0,0.85,1.0,4.0,0.8825833333333334,13.317375,14.912998447916666,False,-1.5956234479166653
10,1.0,0.85,1.0,6.0,0.8825833333333334,13.317375,16.912998447916664,False,-3.5956234479166636
10,1.0,0.85,1.0,8.0,0.8825833333333334,13.317375,18.912998447916664,False,-5.5956234479166636
10,1.0,0.85,1.15,0.0,0.8825833333333334,13.317375,12.303067197916665,True,1.0143078020833354
10,1.0,0.85,1.15,2.0,0.8825833333333334,13.317375,14.303067197916665,False,-0.9856921979166646
10,1.0,0.85,1.15,4.0,0.8825833333333334,13.317375,16.303067197916665,False,-2.9856921979166646
10,1.0,0.85,1.15,6.0,0.8825833333333334,13.317375,18.303067197916665,False,-4.985692197916665
10,1.0,0.85,1.15,8.0,0.8825833333333334,13.317375,20.303067197916665,False,-6.985692197916665
10,1.0,0.85,1.3,0.0,0.8825833333333334,13.317375,13.693135947916666,False,-0.3757609479166657
10,1.0,0.85,1.3,2.0,0.8825833333333334,13.317375,15.693135947916666,False,-2.3757609479166657
10,1.0,0.85,1.3,4.0,0.8825833333333334,13.317375,17.693135947916666,False,-4.375760947916666
10,1.0,0.85,1.3,6.0,0.8825833333333334,13.317375,19.693135947916666,False,-6.375760947916666
10,1.0,0.85,1.3,8.0,0.8825833333333334,13.317375,21.693135947916666,False,-8.375760947916666
10,1.0,1.0,0.7,0.0,0.8825833333333334,15.6675,8.408804791666665,True,7.258695208333336
10,1.0,1.0,0.7,2.0,0.8825833333333334,15.6675,10.408804791666665,True,5.258695208333336
10,1.0,1.0,0.7,4.0,0.8825833333333334,15.6675,12.408804791666665,True,3.258695208333336
10,1.0,1.0,0.7,6.0,0.8825833333333334,15.6675,14.408804791666665,True,1.2586952083333358
10,1.0,1.0,0.7,8.0,0.8825833333333334,15.6675,16.408804791666665,False,-0.7413047916666642
10,1.0,1.0,0.85,0.0,0.8825833333333334,15.6675,9.798873541666666,True,5.868626458333335
10,1.0,1.0,0.85,2.0,0.8825833333333334,15.6675,11.798873541666666,True,3.8686264583333347
10,1.0,1.0,0.85,4.0,0.8825833333333334,15.6675,13.798873541666666,True,1.8686264583333347
10,1.0,1.0,0.85,6.0,0.8825833333333334,15.6675,15.798873541666666,False,-0.13137354166666526
10,1.0,1.0,0.85,8.0,0.8825833333333334,15.6675,17.798873541666666,False,-2.1313735416666653
10,1.0,1.0,1.0,0.0,0.8825833333333334,15.6675,11.188942291666667,True,4.478557708333334
10,1.0,1.0,1.0,2.0,0.8825833333333334,15.6675,13.188942291666667,True,2.4785577083333337
10,1.0,1.0,1.0,4.0,0.8825833333333334,15.6675,15.188942291666667,True,0.47855770833333366
10,1.0,1.0,1.0,6.0,0.8825833333333334,15.6675,17.188942291666667,False,-1.5214422916666663
10,1.0,1.0,1.0,8.0,0.8825833333333334,15.6675,19.188942291666667,False,-3.5214422916666663
10,1.0,1.0,1.15,0.0,0.8825833333333334,15.6675,12.579011041666664,True,3.088488958333336
10,1.0,1.0,1.15,2.0,0.8825833333333334,15.6675,14.579011041666664,True,1.0884889583333361
10,1.0,1.0,1.15,4.0,0.8825833333333334,15.6675,16.579011041666664,False,-0.9115110416666639
10,1.0,1.0,1.15,6.0,0.8825833333333334,15.6675,18.579011041666664,False,-2.911511041666664
10,1.0,1.0,1.15,8.0,0.8825833333333334,15.6675,20.579011041666664,False,-4.911511041666664
10,1.0,1.0,1.3,0.0,0.8825833333333334,15.6675,13.969079791666665,True,1.698420208333335
10,1.0,1.0,1.3,2.0,0.8825833333333334,15.6675,15.969079791666665,False,-0.30157979166666493
10,1.0,1.0,1.3,4.0,0.8825833333333334,15.6675,17.969079791666665,False,-2.301579791666665
10,1.0,1.0,1.3,6.0,0.8825833333333334,15.6675,19.969079791666665,False,-4.301579791666665
10,1.0,1.0,1.3,8.0,0.8825833333333334,15.6675,21.969079791666665,False,-6.301579791666665
10,1.0,1.15,0.7,0.0,0.8825833333333334,18.017625,8.684748635416664,True,9.332876364583335
10,1.0,1.15,0.7,2.0,0.8825833333333334,18.017625,10.684748635416664,True,7.332876364583335
10,1.0,1.15,0.7,4.0,0.8825833333333334,18.017625,12.684748635416664,True,5.332876364583335
10,1.0,1.15,0.7,6.0,0.8825833333333334,18.017625,14.684748635416664,True,3.332876364583335
10,1.0,1.15,0.7,8.0,0.8825833333333334,18.017625,16.684748635416664,True,1.3328763645833348
10,1.0,1.15,0.85,0.0,0.8825833333333334,18.017625,10.074817385416665,True,7.942807614583334
10,1.0,1.15,0.85,2.0,0.8825833333333334,18.017625,12.074817385416665,True,5.942807614583334
10,1.0,1.15,0.85,4.0,0.8825833333333334,18.017625,14.074817385416665,True,3.9428076145833337
10,1.0,1.15,0.85,6.0,0.8825833333333334,18.017625,16.074817385416665,True,1.9428076145833337
10,1.0,1.15,0.85,8.0,0.8825833333333334,18.017625,18.074817385416665,False,-0.05719238541666627
10,1.0,1.15,1.0,0.0,0.8825833333333334,18.017625,11.464886135416666,True,6.552738864583333
10,1.0,1.15,1.0,2.0,0.8825833333333334,18.017625,13.464886135416666,True,4.552738864583333
10,1.0,1.15,1.0,4.0,0.8825833333333334,18.017625,15.464886135416666,True,2.5527388645833327
10,1.0,1.15,1.0,6.0,0.8825833333333334,18.017625,17.464886135416666,True,0.5527388645833327
10,1.0,1.15,1.0,8.0,0.8825833333333334,18.017625,19.464886135416666,False,-1.4472611354166673
10,1.0,1.15,1.15,0.0,0.8825833333333334,18.017625,12.854954885416664,True,5.162670114583335
10,1.0,1.15,1.15,2.0,0.8825833333333334,18.017625,14.854954885416664,True,3.162670114583335
10,1.0,1.15,1.15,4.0,0.8825833333333334,18.017625,16.854954885416664,True,1.1626701145833351
10,1.0,1.15,1.15,6.0,0.8825833333333334,18.017625,18.854954885416664,False,-0.8373298854166649
10,1.0,1.15,1.15,8.0,0.8825833333333334,18.017625,20.854954885416664,False,-2.837329885416665
10,1.0,1.15,1.3,0.0,0.8825833333333334,18.017625,14.245023635416665,True,3.772601364583334
10,1.0,1.15,1.3,2.0,0.8825833333333334,18.017625,16.245023635416665,True,1.772601364583334
10,1.0,1.15,1.3,4.0,0.8825833333333334,18.017625,18.245023635416665,False,-0.22739863541666594
10,1.0,1.15,1.3,6.0,0.8825833333333334,18.017625,20.245023635416665,False,-2.227398635416666
10,1.0,1.15,1.3,8.0,0.8825833333333334,18.017625,22.245023635416665,False,-4.227398635416666
10,1.0,1.3,0.7,0.0,0.8825833333333334,20.36775,8.960692479166665,True,11.407057520833336
10,1.0,1.3,0.7,2.0,0.8825833333333334,20.36775,10.960692479166665,True,9.407057520833336
10,1.0,1.3,0.7,4.0,0.8825833333333334,20.36775,12.960692479166665,True,7.407057520833336
10,1.0,1.3,0.7,6.0,0.8825833333333334,20.36775,14.960692479166665,True,5.407057520833336
10,1.0,1.3,0.7,8.0,0.8825833333333334,20.36775,16.960692479166667,True,3.407057520833334
10,1.0,1.3,0.85,0.0,0.8825833333333334,20.36775,10.350761229166665,True,10.016988770833336
10,1.0,1.3,0.85,2.0,0.8825833333333334,20.36775,12.350761229166665,True,8.016988770833336
10,1.0,1.3,0.85,4.0,0.8825833333333334,20.36775,14.350761229166665,True,6.016988770833336
10,1.0,1.3,0.85,6.0,0.8825833333333334,20.36775,16.350761229166665,True,4.016988770833336
10,1.0,1.3,0.85,8.0,0.8825833333333334,20.36775,18.350761229166665,True,2.0169887708333363
10,1.0,1.3,1.0,0.0,0.8825833333333334,20.36775,11.740829979166666,True,8.626920020833335
10,1.0,1.3,1.0,2.0,0.8825833333333334,20.36775,13.740829979166666,True,6.626920020833335
10,1.0,1.3,1.0,4.0,0.8825833333333334,20.36775,15.740829979166666,True,4.626920020833335
10,1.0,1.3,1.0,6.0,0.8825833333333334,20.36775,17.740829979166666,True,2.626920020833335
10,1.0,1.3,1.0,8.0,0.8825833333333334,20.36775,19.740829979166666,True,0.6269200208333352
10,1.0,1.3,1.15,0.0,0.8825833333333334,20.36775,13.130898729166665,True,7.236851270833336
10,1.0,1.3,1.15,2.0,0.8825833333333334,20.36775,15.130898729166665,True,5.236851270833336
10,1.0,1.3,1.15,4.0,0.8825833333333334,20.36775,17.130898729166667,True,3.236851270833334
10,1.0,1.3,1.15,6.0,0.8825833333333334,20.36775,19.130898729166667,True,1.2368512708333341
10,1.0,1.3,1.15,8.0,0.8825833333333334,20.36775,21.130898729166667,False,-0.7631487291666659
10,1.0,1.3,1.3,0.0,0.8825833333333334,20.36775,14.520967479166666,True,5.846782520833335
10,1.0,1.3,1.3,2.0,0.8825833333333334,20.36775,16.520967479166664,True,3.8467825208333366
10,1.0,1.3,1.3,4.0,0.8825833333333334,20.36775,18.520967479166664,True,1.8467825208333366
10,1.0,1.3,1.3,6.0,0.8825833333333334,20.36775,20.520967479166664,False,-0.1532174791666634
10,1.0,1.3,1.3,8.0,0.8825833333333334,20.36775,22.520967479166664,False,-2.1532174791666634
10,1.25,0.7,0.7,0.0,0.8582166666666666,10.96725,7.962114095833333,True,3.005135904166667
10,1.25,0.7,0.7,2.0,0.8582166666666666,10.96725,9.962114095833332,True,1.0051359041666679
10,1.25,0.7,0.7,4.0,0.8582166666666666,10.96725,11.962114095833332,False,-0.9948640958333321
10,1.25,0.7,0.7,6.0,0.8582166666666666,10.96725,13.962114095833332,False,-2.994864095833332
10,1.25,0.7,0.7,8.0,0.8582166666666666,10.96725,15.962114095833332,False,-4.994864095833332
10,1.25,0.7,0.85,0.0,0.8582166666666666,10.96725,9.313805345833332,True,1.6534446541666679
10,1.25,0.7,0.85,2.0,0.8582166666666666,10.96725,11.313805345833332,False,-0.34655534583333214
10,1.25,0.7,0.85,4.0,0.8582166666666666,10.96725,13.313805345833332,False,-2.346555345833332
10,1.25,0.7,0.85,6.0,0.8582166666666666,10.96725,15.313805345833332,False,-4.346555345833332
10,1.25,0.7,0.85,8.0,0.8582166666666666,10.96725,17.31380534583333,False,-6.34655534583333
10,1.25,0.7,1.0,0.0,0.8582166666666666,10.96725,10.665496595833334,True,0.3017534041666661
10,1.25,0.7,1.0,2.0,0.8582166666666666,10.96725,12.665496595833334,False,-1.698246595833334
10,1.25,0.7,1.0,4.0,0.8582166666666666,10.96725,14.665496595833334,False,-3.698246595833334
10,1.25,0.7,1.0,6.0,0.8582166666666666,10.96725,16.665496595833332,False,-5.698246595833332
10,1.25,0.7,1.0,8.0,0.8582166666666666,10.96725,18.665496595833332,False,-7.698246595833332
10,1.25,0.7,1.15,0.0,0.8582166666666666,10.96725,12.017187845833334,False,-1.049937845833334
10,1.25,0.7,1.15,2.0,0.8582166666666666,10.96725,14.017187845833334,False,-3.049937845833334
10,1.25,0.7,1.15,4.0,0.8582166666666666,10.96725,16.017187845833334,False,-5.049937845833334
10,1.25,0.7,1.15,6.0,0.8582166666666666,10.96725,18.017187845833334,False,-7.049937845833334
10,1.25,0.7,1.15,8.0,0.8582166666666666,10.96725,20.017187845833334,False,-9.049937845833334
10,1.25,0.7,1.3,0.0,0.8582166666666666,10.96725,13.368879095833334,False,-2.401629095833334
10,1.25,0.7,1.3,2.0,0.8582166666666666,10.96725,15.368879095833334,False,-4.401629095833334
10,1.25,0.7,1.3,4.0,0.8582166666666666,10.96725,17.368879095833336,False,-6.401629095833336
10,1.25,0.7,1.3,6.0,0.8582166666666666,10.96725,19.368879095833336,False,-8.401629095833336
10,1.25,0.7,1.3,8.0,0.8582166666666666,10.96725,21.368879095833336,False,-10.401629095833336
10,1.25,0.85,0.7,0.0,0.8582166666666666,13.317375,8.295322652083334,True,5.0220523479166665
10,1.25,0.85,0.7,2.0,0.8582166666666666,13.317375,10.295322652083334,True,3.0220523479166665
10,1.25,0.85,0.7,4.0,0.8582166666666666,13.317375,12.295322652083334,True,1.0220523479166665
10,1.25,0.85,0.7,6.0,0.8582166666666666,13.317375,14.295322652083334,False,-0.9779476520833335
10,1.25,0.85,0.7,8.0,0.8582166666666666,13.317375,16.295322652083335,False,-2.9779476520833352
10,1.25,0.85,0.85,0.0,0.8582166666666666,13.317375,9.647013902083332,True,3.6703610979166683
10,1.25,0.85,0.85,2.0,0.8582166666666666,13.317375,11.647013902083332,True,1.6703610979166683
10,1.25,0.85,0.85,4.0,0.8582166666666666,13.317375,13.647013902083332,False,-0.3296389020833317
10,1.25,0.85,0.85,6.0,0.8582166666666666,13.317375,15.647013902083332,False,-2.3296389020833317
10,1.25,0.85,0.85,8.0,0.8582166666666666,13.317375,17.64701390208333,False,-4.32963890208333
10,1.25,0.85,1.0,0.0,0.8582166666666666,13.317375,10.998705152083334,True,2.3186698479166665
10,1.25,0.85,1.0,2.0,0.8582166666666666,13.317375,12.998705152083334,True,0.3186698479166665
10,1.25,0.85,1.0,4.0,0.8582166666666666,13.317375,14.998705152083334,False,-1.6813301520833335
10,1.25,0.85,1.0,6.0,0.8582166666666666,13.317375,16.998705152083332,False,-3.6813301520833317
10,1.25,0.85,1.0,8.0,0.8582166666666666,13.317375,18.998705152083332,False,-5.681330152083332
10,1.25,0.85,1.15,0.0,0.8582166666666666,13.317375,12.350396402083334,True,0.9669785979166665
10,1.25,0.85,1.15,2.0,0.8582166666666666,13.317375,14.350396402083334,False,-1.0330214020833335
10,1.25,0.85,1.15,4.0,0.8582166666666666,13.317375,16.350396402083334,False,-3.0330214020833335
10,1.25,0.85,1.15,6.0,0.8582166666666666,13.317375,18.350396402083334,False,-5.0330214020833335
10,1.25,0.85,1.15,8.0,0.8582166666666666,13.317375,20.350396402083334,False,-7.0330214020833335
10,1.25,0.85,1.3,0.0,0.8582166666666666,13.317375,13.702087652083334,False,-0.3847126520833335
10,1.25,0.85,1.3,2.0,0.8582166666666666,13.317375,15.702087652083334,False,-2.3847126520833335
10,1.25,0.85,1.3,4.0,0.8582166666666666,13.317375,17.702087652083335,False,-4.384712652083335
10,1.25,0.85,1.3,6.0,0.8582166666666666,13.317375,19.702087652083335,False,-6.384712652083335
10,1.25,0.85,1.3,8.0,0.8582166666666666,13.317375,21.702087652083335,False,-8.384712652083335
10,1.25,1.0,0.7,0.0,0.8582166666666666,15.6675,8.628531208333333,True,7.038968791666667
10,1.25,1.0,0.7,2.0,0.8582166666666666,15.6675,10.628531208333333,True,5.038968791666667
10,1.25,1.0,0.7,4.0,0.8582166666666666,15.6675,12.628531208333333,True,3.038968791666667
10,1.25,1.0,0.7,6.0,0.8582166666666666,15.6675,14.628531208333333,True,1.038968791666667
10,1.25,1.0,0.7,8.0,0.8582166666666666,15.6675,16.628531208333335,False,-0.9610312083333348
10,1.25,1.0,0.85,0.0,0.8582166666666666,15.6675,9.980222458333333,True,5.687277541666667
10,1.25,1.0,0.85,2.0,0.8582166666666666,15.6675,11.980222458333333,True,3.687277541666667
10,1.25,1.0,0.85,4.0,0.8582166666666666,15.6675,13.980222458333333,True,1.687277541666667
10,1.25,1.0,0.85,6.0,0.8582166666666666,15.6675,15.980222458333333,False,-0.312722458333333
10,1.25,1.0,0.85,8.0,0.8582166666666666,15.6675,17.980222458333333,False,-2.312722458333333
10,1.25,1.0,1.0,0.0,0.8582166666666666,15.6675,11.331913708333333,True,4.335586291666667
10,1.25,1.0,1.0,2.0,0.8582166666666666,15.6675,13.331913708333333,True,2.335586291666667
10,1.25,1.0,1.0,4.0,0.8582166666666666,15.6675,15.331913708333333,True,0.335586291666667
10,1.25,1.0,1.0,6.0,0.8582166666666666,15.6675,17.33191370833333,False,-1.6644137083333312
10,1.25,1.0,1.0,8.0,0.8582166666666666,15.6675,19.33191370833333,False,-3.6644137083333312
10,1.25,1.0,1.15,0.0,0.8582166666666666,15.6675,12.683604958333333,True,2.983895041666667
10,1.25,1.0,1.15,2.0,0.8582166666666666,15.6675,14.683604958333333,True,0.983895041666667
10,1.25,1.0,1.15,4.0,0.8582166666666666,15.6675,16.683604958333333,False,-1.016104958333333
10,1.25,1.0,1.15,6.0,0.8582166666666666,15.6675,18.683604958333333,False,-3.016104958333333
10,1.25,1.0,1.15,8.0,0.8582166666666666,15.6675,20.683604958333333,False,-5.016104958333333
10,1.25,1.0,1.3,0.0,0.8582166666666666,15.6675,14.035296208333333,True,1.632203791666667
10,1.25,1.0,1.3,2.0,0.8582166666666666,15.6675,16.035296208333335,False,-0.3677962083333348
10,1.25,1.0,1.3,4.0,0.8582166666666666,15.6675,18.035296208333335,False,-2.367796208333335
10,1.25,1.0,1.3,6.0,0.8582166666666666,15.6675,20.035296208333335,False,-4.367796208333335
10,1.25,1.0,1.3,8.0,0.8582166666666666,15.6675,22.035296208333335,False,-6.367796208333335
10,1.25,1.15,0.7,0.0,0.8582166666666666,18.017625,8.961739764583333,True,9.055885235416666
10,1.25,1.15,0.7,2.0,0.8582166666666666,18.017625,10.961739764583333,True,7.055885235416666
10,1.25,1.15,0.7,4.0,0.8582166666666666,18.017625,12.961739764583333,True,5.055885235416666
10,1.25,1.15,0.7,6.0,0.8582166666666666,18.017625,14.961739764583333,True,3.0558852354166657
10,1.25,1.15,0.7,8.0,0.8582166666666666,18.017625,16.961739764583335,True,1.055885235416664
10,1.25,1.15,0.85,0.0,0.8582166666666666,18.017625,10.313431014583333,True,7.704193985416666
10,1.25,1.15,0.85,2.0,0.8582166666666666,18.017625,12.313431014583333,True,5.704193985416666
10,1.25,1.15,0.85,4.0,0.8582166666666666,18.017625,14.313431014583333,True,3.7041939854166657
10,1.25,1.15,0.85,6.0,0.8582166666666666,18.017625,16.313431014583333,True,1.7041939854166657
10,1.25,1.15,0.85,8.0,0.8582166666666666,18.017625,18.313431014583333,False,-0.29580601458333433
10,1.25,1.15,1.0,0.0,0.8582166666666666,18.017625,11.665122264583333,True,6.352502735416666
10,1.25,1.15,1.0,2.0,0.8582166666666666,18.017625,13.665122264583333,True,4.352502735416666
10,1.25,1.15,1.0,4.0,0.8582166666666666,18.017625,15.665122264583333,True,2.3525027354166657
10,1.25,1.15,1.0,6.0,0.8582166666666666,18.017625,17.66512226458333,True,0.35250273541666743
10,1.25,1.15,1.0,8.0,0.8582166666666666,18.017625,19.66512226458333,False,-1.6474972645833326
10,1.25,1.15,1.15,0.0,0.8582166666666666,18.017625,13.016813514583333,True,5.000811485416666
10,1.25,1.15,1.15,2.0,0.8582166666666666,18.017625,15.016813514583333,True,3.0008114854166656
10,1.25,1.15,1.15,4.0,0.8582166666666666,18.017625,17.016813514583333,True,1.0008114854166656
10,1.25,1.15,1.15,6.0,0.8582166666666666,18.017625,19.016813514583333,False,-0.9991885145833344
10,1.25,1.15,1.15,8.0,0.8582166666666666,18.017625,21.016813514583333,False,-2.9991885145833344
10,1.25,1.15,1.3,0.0,0.8582166666666666,18.017625,14.368504764583333,True,3.6491202354166656
10,1.25,1.15,1.3,2.0,0.8582166666666666,18.017625,16.368504764583335,True,1.6491202354166639
10,1.25,1.15,1.3,4.0,0.8582166666666666,18.017625,18.368504764583335,False,-0.35087976458333614
10,1.25,1.15,1.3,6.0,0.8582166666666666,18.017625,20.368504764583335,False,-2.350879764583336
10,1.25,1.15,1.3,8.0,0.8582166666666666,18.017625,22.368504764583335,False,-4.350879764583336
10,1.25,1.3,0.7,0.0,0.8582166666666666,20.36775,9.294948320833333,True,11.072801679166668
10,1.25,1.3,0.7,2.0,0.8582166666666666,20.36775,11.294948320833333,True,9.072801679166668
10,1.25,1.3,0.7,4.0,0.8582166666666666,20.36775,13.294948320833333,True,7.072801679166668
10,1.25,1.3,0.7,6.0,0.8582166666666666,20.36775,15.294948320833333,True,5.072801679166668
10,1.25,1.3,0.7,8.0,0.8582166666666666,20.36775,17.294948320833335,True,3.072801679166666
10,1.25,1.3,0.85,0.0,0.8582166666666666,20.36775,10.646639570833333,True,9.721110429166668
10,1.25,1.3,0.85,2.0,0.8582166666666666,20.36775,12.646639570833333,True,7.721110429166668
10,1.25,1.3,0.85,4.0,0.8582166666666666,20.36775,14.646639570833333,True,5.721110429166668
10,1.25,1.3,0.85,6.0,0.8582166666666666,20.36775,16.646639570833333,True,3.721110429166668
10,1.25,1.3,0.85,8.0,0.8582166666666666,20.36775,18.646639570833333,True,1.721110429166668
10,1.25,1.3,1.0,0.0,0.8582166666666666,20.36775,11.998330820833333,True,8.369419179166668
10,1.25,1.3,1.0,2.0,0.8582166666666666,20.36775,13.998330820833333,True,6.369419179166668
10,1.25,1.3,1.0,4.0,0.8582166666666666,20.36775,15.998330820833333,True,4.369419179166668
10,1.25,1.3,1.0,6.0,0.8582166666666666,20.36775,17.99833082083333,True,2.3694191791666697
10,1.25,1.3,1.0,8.0,0.8582166666666666,20.36775,19.99833082083333,True,0.36941917916666966
10,1.25,1.3,1.15,0.0,0.8582166666666666,20.36775,13.350022070833333,True,7.017727929166668
10,1.25,1.3,1.15,2.0,0.8582166666666666,20.36775,15.350022070833333,True,5.017727929166668
10,1.25,1.3,1.15,4.0,0.8582166666666666,20.36775,17.350022070833333,True,3.017727929166668
10,1.25,1.3,1.15,6.0,0.8582166666666666,20.36775,19.350022070833333,True,1.0177279291666679
10,1.25,1.3,1.15,8.0,0.8582166666666666,20.36775,21.350022070833333,False,-0.9822720708333321
10,1.25,1.3,1.3,0.0,0.8582166666666666,20.36775,14.701713320833333,True,5.666036679166668
10,1.25,1.3,1.3,2.0,0.8582166666666666,20.36775,16.701713320833335,True,3.666036679166666
10,1.25,1.3,1.3,4.0,0.8582166666666666,20.36775,18.701713320833335,True,1.666036679166666
10,1.25,1.3,1.3,6.0,0.8582166666666666,20.36775,20.701713320833335,False,-0.3339633208333339
10,1.25,1.3,1.3,8.0,0.8582166666666666,20.36775,22.701713320833335,False,-2.333963320833334
10,1.5,0.7,0.7,0.0,0.7896833333333333,10.96725,8.257989629166666,True,2.7092603708333343
10,1.5,0.7,0.7,2.0,0.7896833333333333,10.96725,10.257989629166666,True,0.7092603708333343
10,1.5,0.7,0.7,4.0,0.7896833333333333,10.96725,12.257989629166666,False,-1.2907396291666657
10,1.5,0.7,0.7,6.0,0.7896833333333333,10.96725,14.257989629166666,False,-3.2907396291666657
10,1.5,0.7,0.7,8.0,0.7896833333333333,10.96725,16.257989629166666,False,-5.290739629166666
10,1.5,0.7,0.85,0.0,0.7896833333333333,10.96725,9.501740879166666,True,1.4655091208333335
10,1.5,0.7,0.85,2.0,0.7896833333333333,10.96725,11.501740879166666,False,-0.5344908791666665
10,1.5,0.7,0.85,4.0,0.7896833333333333,10.96725,13.501740879166666,False,-2.5344908791666665
10,1.5,0.7,0.85,6.0,0.7896833333333333,10.96725,15.501740879166666,False,-4.5344908791666665
10,1.5,0.7,0.85,8.0,0.7896833333333333,10.96725,17.501740879166668,False,-6.534490879166668
10,1.5,0.7,1.0,0.0,0.7896833333333333,10.96725,10.745492129166667,True,0.22175787083333276
10,1.5,0.7,1.0,2.0,0.7896833333333333,10.96725,12.745492129166667,False,-1.7782421291666672
10,1.5,0.7,1.0,4.0,0.7896833333333333,10.96725,14.745492129166667,False,-3.7782421291666672
10,1.5,0.7,1.0,6.0,0.7896833333333333,10.96725,16.745492129166667,False,-5.778242129166667
10,1.5,0.7,1.0,8.0,0.7896833333333333,10.96725,18.745492129166667,False,-7.778242129166667
10,1.5,0.7,1.15,0.0,0.7896833333333333,10.96725,11.989243379166666,False,-1.0219933791666662
10,1.5,0.7,1.15,2.0,0.7896833333333333,10.96725,13.989243379166666,False,-3.021993379166666
10,1.5,0.7,1.15,4.0,0.7896833333333333,10.96725,15.989243379166666,False,-5.021993379166666
10,1.5,0.7,1.15,6.0,0.7896833333333333,10.96725,17.989243379166666,False,-7.021993379166666
10,1.5,0.7,1.15,8.0,0.7896833333333333,10.96725,19.989243379166666,False,-9.021993379166666
10,1.5,0.7,1.3,0.0,0.7896833333333333,10.96725,13.232994629166667,False,-2.265744629166667
10,1.5,0.7,1.3,2.0,0.7896833333333333,10.96725,15.232994629166667,False,-4.265744629166667
10,1.5,0.7,1.3,4.0,0.7896833333333333,10.96725,17.23299462916667,False,-6.265744629166669
10,1.5,0.7,1.3,6.0,0.7896833333333333,10.96725,19.23299462916667,False,-8.265744629166669
10,1.5,0.7,1.3,8.0,0.7896833333333333,10.96725,21.23299462916667,False,-10.265744629166669
10,1.5,0.85,0.7,0.0,0.7896833333333333,13.317375,8.752260085416665,True,4.565114914583335
10,1.5,0.85,0.7,2.0,0.7896833333333333,13.317375,10.752260085416665,True,2.5651149145833347
10,1.5,0.85,0.7,4.0,0.7896833333333333,13.317375,12.752260085416665,True,0.5651149145833347
10,1.5,0.85,0.7,6.0,0.7896833333333333,13.317375,14.752260085416665,False,-1.4348850854166653
10,1.5,0.85,0.7,8.0,0.7896833333333333,13.317375,16.752260085416665,False,-3.4348850854166653
10,1.5,0.85,0.85,0.0,0.7896833333333333,13.317375,9.996011335416666,True,3.321363664583334
10,1.5,0.85,0.85,2.0,0.7896833333333333,13.317375,11.996011335416666,True,1.321363664583334
10,1.5,0.85,0.85,4.0,0.7896833333333333,13.317375,13.996011335416666,False,-0.678636335416666
10,1.5,0.85,0.85,6.0,0.7896833333333333,13.317375,15.996011335416666,False,-2.678636335416666
10,1.5,0.85,0.85,8.0,0.7896833333333333,13.317375,17.996011335416668,False,-4.678636335416668
10,1.5,0.85,1.0,0.0,0.7896833333333333,13.317375,11.239762585416667,True,2.0776124145833332
10,1.5,0.85,1.0,2.0,0.7896833333333333,13.317375,13.239762585416667,True,0.07761241458333323
10,1.5,0.85,1.0,4.0,0.7896833333333333,13.317375,15.239762585416667,False,-1.9223875854166668
10,1.5,0.85,1.0,6.0,0.7896833333333333,13.317375,17.239762585416667,False,-3.9223875854166668
10,1.5,0.85,1.0,8.0,0.7896833333333333,13.317375,19.239762585416667,False,-5.922387585416667
10,1.5,0.85,1.15,0.0,0.7896833333333333,13.317375,12.483513835416666,True,0.8338611645833343
10,1.5,0.85,1.15,2.0,0.7896833333333333,13.317375,14.483513835416666,False,-1.1661388354166657
10,1.5,0.85,1.15,4.0,0.7896833333333333,13.317375,16.483513835416666,False,-3.1661388354166657
10,1.5,0.85,1.15,6.0,0.7896833333333333,13.317375,18.483513835416666,False,-5.166138835416666
10,1.5,0.85,1.15,8.0,0.7896833333333333,13.317375,20.483513835416666,False,-7.166138835416666
10,1.5,0.85,1.3,0.0,0.7896833333333333,13.317375,13.727265085416667,False,-0.4098900854166665
10,1.5,0.85,1.3,2.0,0.7896833333333333,13.317375,15.727265085416667,False,-2.4098900854166665
10,1.5,0.85,1.3,4.0,0.7896833333333333,13.317375,17.72726508541667,False,-4.409890085416668
10,1.5,0.85,1.3,6.0,0.7896833333333333,13.317375,19.72726508541667,False,-6.409890085416668
10,1.5,0.85,1.3,8.0,0.7896833333333333,13.317375,21.72726508541667,False,-8.409890085416668
10,1.5,1.0,0.7,0.0,0.7896833333333333,15.6675,9.246530541666667,True,6.420969458333333
10,1.5,1.0,0.7,2.0,0.7896833333333333,15.6675,11.246530541666667,True,4.420969458333333
10,1.5,1.0,0.7,4.0,0.7896833333333333,15.6675,13.246530541666667,True,2.4209694583333334
10,1.5,1.0,0.7,6.0,0.7896833333333333,15.6675,15.246530541666667,True,0.42096945833333344
10,1.5,1.0,0.7,8.0,0.7896833333333333,15.6675,17.246530541666665,False,-1.5790305416666648
10,1.5,1.0,0.85,0.0,0.7896833333333333,15.6675,10.490281791666666,True,5.1772182083333345
10,1.5,1.0,0.85,2.0,0.7896833333333333,15.6675,12.490281791666666,True,3.1772182083333345
10,1.5,1.0,0.85,4.0,0.7896833333333333,15.6675,14.490281791666666,True,1.1772182083333345
10,1.5,1.0,0.85,6.0,0.7896833333333333,15.6675,16.490281791666668,False,-0.8227817916666673
10,1.5,1.0,0.85,8.0,0.7896833333333333,15.6675,18.490281791666668,False,-2.8227817916666673
10,1.5,1.0,1.0,0.0,0.7896833333333333,15.6675,11.734033041666667,True,3.9334669583333337
10,1.5,1.0,1.0,2.0,0.7896833333333333,15.6675,13.734033041666667,True,1.9334669583333337
10,1.5,1.0,1.0,4.0,0.7896833333333333,15.6675,15.734033041666667,False,-0.06653304166666629
10,1.5,1.0,1.0,6.0,0.7896833333333333,15.6675,17.734033041666667,False,-2.0665330416666663
10,1.5,1.0,1.0,8.0,0.7896833333333333,15.6675,19.734033041666667,False,-4.066533041666666
10,1.5,1.0,1.15,0.0,0.7896833333333333,15.6675,12.977784291666666,True,2.6897157083333347
10,1.5,1.0,1.15,2.0,0.7896833333333333,15.6675,14.977784291666666,True,0.6897157083333347
10,1.5,1.0,1.15,4.0,0.7896833333333333,15.6675,16.977784291666666,False,-1.3102842916666653
10,1.5,1.0,1.15,6.0,0.7896833333333333,15.6675,18.977784291666666,False,-3.3102842916666653
10,1.5,1.0,1.15,8.0,0.7896833333333333,15.6675,20.977784291666666,False,-5.310284291666665
10,1.5,1.0,1.3,0.0,0.7896833333333333,15.6675,14.221535541666666,True,1.445964458333334
10,1.5,1.0,1.3,2.0,0.7896833333333333,15.6675,16.221535541666668,False,-0.5540355416666678
10,1.5,1.0,1.3,4.0,0.7896833333333333,15.6675,18.221535541666668,False,-2.554035541666668
10,1.5,1.0,1.3,6.0,0.7896833333333333,15.6675,20.221535541666668,False,-4.554035541666668
10,1.5,1.0,1.3,8.0,0.7896833333333333,15.6675,22.221535541666668,False,-6.554035541666668
10,1.5,1.15,0.7,0.0,0.7896833333333333,18.017625,9.740800997916667,True,8.276824002083332
10,1.5,1.15,0.7,2.0,0.7896833333333333,18.017625,11.740800997916667,True,6.276824002083332
10,1.5,1.15,0.7,4.0,0.7896833333333333,18.017625,13.740800997916667,True,4.276824002083332
10,1.5,1.15,0.7,6.0,0.7896833333333333,18.017625,15.740800997916667,True,2.276824002083332
10,1.5,1.15,0.7,8.0,0.7896833333333333,18.017625,17.740800997916665,True,0.2768240020833339
10,1.5,1.15,0.85,0.0,0.7896833333333333,18.017625,10.984552247916666,True,7.033072752083333
10,1.5,1.15,0.85,2.0,0.7896833333333333,18.017625,12.984552247916666,True,5.033072752083333
10,1.5,1.15,0.85,4.0,0.7896833333333333,18.017625,14.984552247916666,True,3.033072752083333
10,1.5,1.15,0.85,6.0,0.7896833333333333,18.017625,16.984552247916668,True,1.0330727520833314
10,1.5,1.15,0.85,8.0,0.7896833333333333,18.017625,18.984552247916668,False,-0.9669272479166686
10,1.5,1.15,1.0,0.0,0.7896833333333333,18.017625,12.228303497916666,True,5.789321502083332
10,1.5,1.15,1.0,2.0,0.7896833333333333,18.017625,14.228303497916666,True,3.7893215020833324
10,1.5,1.15,1.0,4.0,0.7896833333333333,18.017625,16.228303497916666,True,1.7893215020833324
10,1.5,1.15,1.0,6.0,0.7896833333333333,18.017625,18.228303497916666,False,-0.2106784979166676
10,1.5,1.15,1.0,8.0,0.7896833333333333,18.017625,20.228303497916666,False,-2.2106784979166676
10,1.5,1.15,1.15,0.0,0.7896833333333333,18.017625,13.472054747916665,True,4.545570252083333
10,1.5,1.15,1.15,2.0,0.7896833333333333,18.017625,15.472054747916665,True,2.5455702520833334
10,1.5,1.15,1.15,4.0,0.7896833333333333,18.017625,17.472054747916665,True,0.5455702520833334
10,1.5,1.15,1.15,6.0,0.7896833333333333,18.017625,19.472054747916665,False,-1.4544297479166666
10,1.5,1.15,1.15,8.0,0.7896833333333333,18.017625,21.472054747916665,False,-3.4544297479166666
10,1.5,1.15,1.3,0.0,0.7896833333333333,18.017625,14.715805997916666,True,3.3018190020833327
10,1.5,1.15,1.3,2.0,0.7896833333333333,18.017625,16.715805997916668,True,1.301819002083331
10,1.5,1.15,1.3,4.0,0.7896833333333333,18.017625,18.715805997916668,False,-0.6981809979166691
10,1.5,1.15,1.3,6.0,0.7896833333333333,18.017625,20.715805997916668,False,-2.698180997916669
10,1.5,1.15,1.3,8.0,0.7896833333333333,18.017625,22.715805997916668,False,-4.698180997916669
10,1.5,1.3,0.7,0.0,0.7896833333333333,20.36775,10.235071454166667,True,10.132678545833334
10,1.5,1.3,0.7,2.0,0.7896833333333333,20.36775,12.235071454166667,True,8.132678545833334
10,1.5,1.3,0.7,4.0,0.7896833333333333,20.36775,14.235071454166667,True,6.132678545833334
10,1.5,1.3,0.7,6.0,0.7896833333333333,20.36775,16.235071454166665,True,4.132678545833336
10,1.5,1.3,0.7,8.0,0.7896833333333333,20.36775,18.235071454166665,True,2.132678545833336
10,1.5,1.3,0.85,0.0,0.7896833333333333,20.36775,11.478822704166667,True,8.888927295833334
10,1.5,1.3,0.85,2.0,0.7896833333333333,20.36775,13.478822704166667,True,6.888927295833334
10,1.5,1.3,0.85,4.0,0.7896833333333333,20.36775,15.478822704166667,True,4.888927295833334
10,1.5,1.3,0.85,6.0,0.7896833333333333,20.36775,17.478822704166667,True,2.8889272958333336
10,1.5,1.3,0.85,8.0,0.7896833333333333,20.36775,19.478822704166667,True,0.8889272958333336
10,1.5,1.3,1.0,0.0,0.7896833333333333,20.36775,12.722573954166666,True,7.645176045833335
10,1.5,1.3,1.0,2.0,0.7896833333333333,20.36775,14.722573954166666,True,5.645176045833335
10,1.5,1.3,1.0,4.0,0.7896833333333333,20.36775,16.722573954166666,True,3.6451760458333347
10,1.5,1.3,1.0,6.0,0.7896833333333333,20.36775,18.722573954166666,True,1.6451760458333347
10,1.5,1.3,1.0,8.0,0.7896833333333333,20.36775,20.722573954166666,False,-0.35482395416666535
10,1.5,1.3,1.15,0.0,0.7896833333333333,20.36775,13.966325204166665,True,6.401424795833336
10,1.5,1.3,1.15,2.0,0.7896833333333333,20.36775,15.966325204166665,True,4.401424795833336
10,1.5,1.3,1.15,4.0,0.7896833333333333,20.36775,17.966325204166665,True,2.4014247958333357
10,1.5,1.3,1.15,6.0,0.7896833333333333,20.36775,19.966325204166665,True,0.4014247958333357
10,1.5,1.3,1.15,8.0,0.7896833333333333,20.36775,21.966325204166665,False,-1.5985752041666643
10,1.5,1.3,1.3,0.0,0.7896833333333333,20.36775,15.210076454166668,True,5.157673545833333
10,1.5,1.3,1.3,2.0,0.7896833333333333,20.36775,17.210076454166668,True,3.157673545833333
10,1.5,1.3,1.3,4.0,0.7896833333333333,20.36775,19.210076454166668,True,1.1576735458333332
10,1.5,1.3,1.3,6.0,0.7896833333333333,20.36775,21.210076454166668,False,-0.8423264541666668
10,1.5,1.3,1.3,8.0,0.7896833333333333,20.36775,23.210076454166668,False,-2.842326454166667
13,0.75,0.7,0.7,0.0,0.8845333333333333,11.164125,8.094133366666666,True,3.069991633333334
13,0.75,0.7,0.7,2.0,0.8845333333333333,11.164125,10.094133366666666,True,1.0699916333333341
13,0.75,0.7,0.7,4.0,0.8845333333333333,11.164125,12.094133366666666,False,-0.9300083666666659
13,0.75,0.7,0.7,6.0,0.8845333333333333,11.164125,14.094133366666666,False,-2.930008366666666
13,0.75,0.7,0.7,8.0,0.8845333333333333,11.164125,16.094133366666668,False,-4.930008366666668
13,0.75,0.7,0.85,0.0,0.8845333333333333,11.164125,9.535038166666668,True,1.6290868333333322
13,0.75,0.7,0.85,2.0,0.8845333333333333,11.164125,11.535038166666668,False,-0.37091316666666785
13,0.75,0.7,0.85,4.0,0.8845333333333333,11.164125,13.535038166666668,False,-2.370913166666668
13,0.75,0.7,0.85,6.0,0.8845333333333333,11.164125,15.535038166666668,False,-4.370913166666668
13,0.75,0.7,0.85,8.0,0.8845333333333333,11.164125,17.535038166666666,False,-6.370913166666666
13,0.75,0.7,1.0,0.0,0.8845333333333333,11.164125,10.975942966666668,True,0.18818203333333194
13,0.75,0.7,1.0,2.0,0.8845333333333333,11.164125,12.975942966666668,False,-1.811817966666668
13,0.75,0.7,1.0,4.0,0.8845333333333333,11.164125,14.975942966666668,False,-3.811817966666668
13,0.75,0.7,1.0,6.0,0.8845333333333333,11.164125,16.97594296666667,False,-5.811817966666668
13,0.75,0.7,1.0,8.0,0.8845333333333333,11.164125,18.97594296666667,False,-7.811817966666668
13,0.75,0.7,1.15,0.0,0.8845333333333333,11.164125,12.416847766666667,False,-1.2527227666666665
13,0.75,0.7,1.15,2.0,0.8845333333333333,11.164125,14.416847766666667,False,-3.2527227666666665
13,0.75,0.7,1.15,4.0,0.8845333333333333,11.164125,16.416847766666667,False,-5.2527227666666665
13,0.75,0.7,1.15,6.0,0.8845333333333333,11.164125,18.416847766666667,False,-7.2527227666666665
13,0.75,0.7,1.15,8.0,0.8845333333333333,11.164125,20.416847766666667,False,-9.252722766666666
13,0.75,0.7,1.3,0.0,0.8845333333333333,11.164125,13.857752566666669,False,-2.6936275666666685
13,0.75,0.7,1.3,2.0,0.8845333333333333,11.164125,15.857752566666669,False,-4.6936275666666685
13,0.75,0.7,1.3,4.0,0.8845333333333333,11.164125,17.85775256666667,False,-6.6936275666666685
13,0.75,0.7,1.3,6.0,0.8845333333333333,11.164125,19.85775256666667,False,-8.693627566666668
13,0.75,0.7,1.3,8.0,0.8845333333333333,11.164125,21.85775256666667,False,-10.693627566666668
13,0.75,0.85,0.7,0.0,0.8845333333333333,13.5564375,8.370365716666667,True,5.1860717833333325
13,0.75,0.85,0.7,2.0,0.8845333333333333,13.5564375,10.370365716666667,True,3.1860717833333325
13,0.75,0.85,0.7,4.0,0.8845333333333333,13.5564375,12.370365716666667,True,1.1860717833333325
13,0.75,0.85,0.7,6.0,0.8845333333333333,13.5564375,14.370365716666667,False,-0.8139282166666675
13,0.75,0.85,0.7,8.0,0.8845333333333333,13.5564375,16.37036571666667,False,-2.8139282166666693
13,0.75,0.85,0.85,0.0,0.8845333333333333,13.5564375,9.811270516666667,True,3.7451669833333323
13,0.75,0.85,0.85,2.0,0.8845333333333333,13.5564375,11.811270516666667,True,1.7451669833333323
13,0.75,0.85,0.85,4.0,0.8845333333333333,13.5564375,13.811270516666667,False,-0.2548330166666677
13,0.75,0.85,0.85,6.0,0.8845333333333333,13.5564375,15.811270516666667,False,-2.2548330166666677
13,0.75,0.85,0.85,8.0,0.8845333333333333,13.5564375,17.811270516666667,False,-4.254833016666668
13,0.75,0.85,1.0,0.0,0.8845333333333333,13.5564375,11.252175316666667,True,2.304262183333332
13,0.75,0.85,1.0,2.0,0.8845333333333333,13.5564375,13.252175316666667,True,0.3042621833333321
13,0.75,0.85,1.0,4.0,0.8845333333333333,13.5564375,15.252175316666667,False,-1.695737816666668
13,0.75,0.85,1.0,6.0,0.8845333333333333,13.5564375,17.252175316666666,False,-3.695737816666666
13,0.75,0.85,1.0,8.0,0.8845333333333333,13.5564375,19.252175316666666,False,-5.695737816666666
13,0.75,0.85,1.15,0.0,0.8845333333333333,13.5564375,12.693080116666666,True,0.8633573833333337
13,0.75,0.85,1.15,2.0,0.8845333333333333,13.5564375,14.693080116666666,False,-1.1366426166666663
13,0.75,0.85,1.15,4.0,0.8845333333333333,13.5564375,16.693080116666664,False,-3.1366426166666646
13,0.75,0.85,1.15,6.0,0.8845333333333333,13.5564375,18.693080116666664,False,-5.1366426166666646
13,0.75,0.85,1.15,8.0,0.8845333333333333,13.5564375,20.693080116666664,False,-7.1366426166666646
13,0.75,0.85,1.3,0.0,0.8845333333333333,13.5564375,14.133984916666668,False,-0.5775474166666683
13,0.75,0.85,1.3,2.0,0.8845333333333333,13.5564375,16.13398491666667,False,-2.57754741666667
13,0.75,0.85,1.3,4.0,0.8845333333333333,13.5564375,18.13398491666667,False,-4.57754741666667
13,0.75,0.85,1.3,6.0,0.8845333333333333,13.5564375,20.13398491666667,False,-6.57754741666667
13,0.75,0.85,1.3,8.0,0.8845333333333333,13.5564375,22.13398491666667,False,-8.57754741666667
13,0.75,1.0,0.7,0.0,0.8845333333333333,15.94875,8.646598066666666,True,7.3021519333333345
13,0.75,1.0,0.7,2.0,0.8845333333333333,15.94875,10.646598066666666,True,5.3021519333333345
13,0.75,1.0,0.7,4.0,0.8845333333333333,15.94875,12.646598066666666,True,3.3021519333333345
13,0.75,1.0,0.7,6.0,0.8845333333333333,15.94875,14.646598066666666,True,1.3021519333333345
13,0.75,1.0,0.7,8.0,0.8845333333333333,15.94875,16.646598066666666,False,-0.6978480666666655
13,0.75,1.0,0.85,0.0,0.8845333333333333,15.94875,10.087502866666668,True,5.8612471333333325
13,0.75,1.0,0.85,2.0,0.8845333333333333,15.94875,12.087502866666668,True,3.8612471333333325
13,0.75,1.0,0.85,4.0,0.8845333333333333,15.94875,14.087502866666668,True,1.8612471333333325
13,0.75,1.0,0.85,6.0,0.8845333333333333,15.94875,16.087502866666668,False,-0.13875286666666753
13,0.75,1.0,0.85,8.0,0.8845333333333333,15.94875,18.087502866666668,False,-2.1387528666666675
13,0.75,1.0,1.0,0.0,0.8845333333333333,15.94875,11.528407666666668,True,4.420342333333332
13,0.75,1.0,1.0,2.0,0.8845333333333333,15.94875,13.528407666666668,True,2.4203423333333323
13,0.75,1.0,1.0,4.0,0.8845333333333333,15.94875,15.528407666666668,True,0.42034233333333226
13,0.75,1.0,1.0,6.0,0.8845333333333333,15.94875,17.528407666666666,False,-1.579657666666666
13,0.75,1.0,1.0,8.0,0.8845333333333333,15.94875,19.528407666666666,False,-3.579657666666666
13,0.75,1.0,1.15,0.0,0.8845333333333333,15.94875,12.969312466666667,True,2.979437533333334
13,0.75,1.0,1.15,2.0,0.8845333333333333,15.94875,14.969312466666667,True,0.9794375333333338
13,0.75,1.0,1.15,4.0,0.8845333333333333,15.94875,16.969312466666665,False,-1.0205624666666644
13,0.75,1.0,1.15,6.0,0.8845333333333333,15.94875,18.969312466666665,False,-3.0205624666666644
13,0.75,1.0,1.15,8.0,0.8845333333333333,15.94875,20.969312466666665,False,-5.020562466666664
13,0.75,1.0,1.3,0.0,0.8845333333333333,15.94875,14.410217266666669,True,1.5385327333333318
13,0.75,1.0,1.3,2.0,0.8845333333333333,15.94875,16.41021726666667,False,-0.46146726666666993
13,0.75,1.0,1.3,4.0,0.8845333333333333,15.94875,18.41021726666667,False,-2.46146726666667
13,0.75,1.0,1.3,6.0,0.8845333333333333,15.94875,20.41021726666667,False,-4.46146726666667
13,0.75,1.0,1.3,8.0,0.8845333333333333,15.94875,22.41021726666667,False,-6.46146726666667
13,0.75,1.15,0.7,0.0,0.8845333333333333,18.3410625,8.922830416666667,True,9.418232083333333
13,0.75,1.15,0.7,2.0,0.8845333333333333,18.3410625,10.922830416666667,True,7.418232083333333
13,0.75,1.15,0.7,4.0,0.8845333333333333,18.3410625,12.922830416666667,True,5.418232083333333
13,0.75,1.15,0.7,6.0,0.8845333333333333,18.3410625,14.922830416666667,True,3.418232083333333
13,0.75,1.15,0.7,8.0,0.8845333333333333,18.3410625,16.922830416666667,True,1.4182320833333328
13,0.75,1.15,0.85,0.0,0.8845333333333333,18.3410625,10.363735216666669,True,7.977327283333331
13,0.75,1.15,0.85,2.0,0.8845333333333333,18.3410625,12.363735216666669,True,5.977327283333331
13,0.75,1.15,0.85,4.0,0.8845333333333333,18.3410625,14.363735216666669,True,3.977327283333331
13,0.75,1.15,0.85,6.0,0.8845333333333333,18.3410625,16.36373521666667,True,1.9773272833333309
13,0.75,1.15,0.85,8.0,0.8845333333333333,18.3410625,18.36373521666667,False,-0.022672716666669146
13,0.75,1.15,1.0,0.0,0.8845333333333333,18.3410625,11.804640016666669,True,6.536422483333331
13,0.75,1.15,1.0,2.0,0.8845333333333333,18.3410625,13.804640016666669,True,4.536422483333331
13,0.75,1.15,1.0,4.0,0.8845333333333333,18.3410625,15.804640016666669,True,2.5364224833333306
13,0.75,1.15,1.0,6.0,0.8845333333333333,18.3410625,17.804640016666667,True,0.5364224833333324
13,0.75,1.15,1.0,8.0,0.8845333333333333,18.3410625,19.804640016666667,False,-1.4635775166666676
13,0.75,1.15,1.15,0.0,0.8845333333333333,18.3410625,13.245544816666667,True,5.095517683333332
13,0.75,1.15,1.15,2.0,0.8845333333333333,18.3410625,15.245544816666667,True,3.095517683333332
13,0.75,1.15,1.15,4.0,0.8845333333333333,18.3410625,17.245544816666666,True,1.095517683333334
13,0.75,1.15,1.15,6.0,0.8845333333333333,18.3410625,19.245544816666666,False,-0.904482316666666
13,0.75,1.15,1.15,8.0,0.8845333333333333,18.3410625,21.245544816666666,False,-2.904482316666666
13,0.75,1.15,1.3,0.0,0.8845333333333333,18.3410625,14.68644961666667,True,3.6546128833333302
13,0.75,1.15,1.3,2.0,0.8845333333333333,18.3410625,16.68644961666667,True,1.6546128833333285
13,0.75,1.15,1.3,4.0,0.8845333333333333,18.3410625,18.68644961666667,False,-0.34538711666667155
13,0.75,1.15,1.3,6.0,0.8845333333333333,18.3410625,20.68644961666667,False,-2.3453871166666715
13,0.75,1.15,1.3,8.0,0.8845333333333333,18.3410625,22.68644961666667,False,-4.3453871166666715
13,0.75,1.3,0.7,0.0,0.8845333333333333,20.733375000000002,9.199062766666668,True,11.534312233333335
13,0.75,1.3,0.7,2.0,0.8845333333333333,20.733375000000002,11.199062766666668,True,9.534312233333335
13,0.75,1.3,0.7,4.0,0.8845333333333333,20.733375000000002,13.199062766666668,True,7.534312233333335
13,0.75,1.3,0.7,6.0,0.8845333333333333,20.733375000000002,15.199062766666668,True,5.534312233333335
13,0.75,1.3,0.7,8.0,0.8845333333333333,20.733375000000002,17.199062766666668,True,3.5343122333333348
13,0.75,1.3,0.85,0.0,0.8845333333333333,20.733375000000002,10.63996756666667,True,10.093407433333333
13,0.75,1.3,0.85,2.0,0.8845333333333333,20.733375000000002,12.63996756666667,True,8.093407433333333
13,0.75,1.3,0.85,4.0,0.8845333333333333,20.733375000000002,14.63996756666667,True,6.093407433333333
13,0.75,1.3,0.85,6.0,0.8845333333333333,20.733375000000002,16.63996756666667,True,4.093407433333333
13,0.75,1.3,0.85,8.0,0.8845333333333333,20.733375000000002,18.63996756666667,True,2.093407433333333
13,0.75,1.3,1.0,0.0,0.8845333333333333,20.733375000000002,12.080872366666668,True,8.652502633333334
13,0.75,1.3,1.0,2.0,0.8845333333333333,20.733375000000002,14.080872366666668,True,6.652502633333334
13,0.75,1.3,1.0,4.0,0.8845333333333333,20.733375000000002,16.080872366666668,True,4.652502633333334
13,0.75,1.3,1.0,6.0,0.8845333333333333,20.733375000000002,18.080872366666668,True,2.6525026333333344
13,0.75,1.3,1.0,8.0,0.8845333333333333,20.733375000000002,20.080872366666668,True,0.6525026333333344
13,0.75,1.3,1.15,0.0,0.8845333333333333,20.733375000000002,13.521777166666666,True,7.211597833333336
13,0.75,1.3,1.15,2.0,0.8845333333333333,20.733375000000002,15.521777166666666,True,5.211597833333336
13,0.75,1.3,1.15,4.0,0.8845333333333333,20.733375000000002,17.521777166666666,True,3.211597833333336
13,0.75,1.3,1.15,6.0,0.8845333333333333,20.733375000000002,19.521777166666666,True,1.211597833333336
13,0.75,1.3,1.15,8.0,0.8845333333333333,20.733375000000002,21.521777166666666,False,-0.7884021666666641
13,0.75,1.3,1.3,0.0,0.8845333333333333,20.733375000000002,14.962681966666668,True,5.770693033333334
13,0.75,1.3,1.3,2.0,0.8845333333333333,20.733375000000002,16.96268196666667,True,3.770693033333334
13,0.75,1.3,1.3,4.0,0.8845333333333333,20.733375000000002,18.96268196666667,True,1.770693033333334
13,0.75,1.3,1.3,6.0,0.8845333333333333,20.733375000000002,20.96268196666667,False,-0.22930696666666606
13,0.75,1.3,1.3,8.0,0.8845333333333333,20.733375000000002,22.96268196666667,False,-2.229306966666666
13,1.0,0.7,0.7,0.0,0.8500333333333333,11.164125,8.241176679166667,True,2.922948320833333
13,1.0,0.7,0.7,2.0,0.8500333333333333,11.164125,10.241176679166667,True,0.9229483208333331
13,1.0,0.7,0.7,4.0,0.8500333333333333,11.164125,12.241176679166667,False,-1.0770516791666669
13,1.0,0.7,0.7,6.0,0.8500333333333333,11.164125,14.241176679166667,False,-3.077051679166667
13,1.0,0.7,0.7,8.0,0.8500333333333333,11.164125,16.241176679166667,False,-5.077051679166667
13,1.0,0.7,0.85,0.0,0.8500333333333333,11.164125,9.625880979166668,True,1.5382440208333321
13,1.0,0.7,0.85,2.0,0.8500333333333333,11.164125,11.625880979166668,False,-0.4617559791666679
13,1.0,0.7,0.85,4.0,0.8500333333333333,11.164125,13.625880979166668,False,-2.461755979166668
13,1.0,0.7,0.85,6.0,0.8500333333333333,11.164125,15.625880979166668,False,-4.461755979166668
13,1.0,0.7,0.85,8.0,0.8500333333333333,11.164125,17.625880979166666,False,-6.461755979166666
13,1.0,0.7,1.0,0.0,0.8500333333333333,11.164125,11.010585279166667,True,0.1535397208333329
13,1.0,0.7,1.0,2.0,0.8500333333333333,11.164125,13.010585279166667,False,-1.846460279166667
13,1.0,0.7,1.0,4.0,0.8500333333333333,11.164125,15.010585279166667,False,-3.846460279166667
13,1.0,0.7,1.0,6.0,0.8500333333333333,11.164125,17.01058527916667,False,-5.846460279166669
13,1.0,0.7,1.0,8.0,0.8500333333333333,11.164125,19.01058527916667,False,-7.846460279166669
13,1.0,0.7,1.15,0.0,0.8500333333333333,11.164125,12.395289579166667,False,-1.2311645791666663
13,1.0,0.7,1.15,2.0,0.8500333333333333,11.164125,14.395289579166667,False,-3.2311645791666663
13,1.0,0.7,1.15,4.0,0.8500333333333333,11.164125,16.395289579166665,False,-5.2311645791666646
13,1.0,0.7,1.15,6.0,0.8500333333333333,11.164125,18.395289579166665,False,-7.2311645791666646
13,1.0,0.7,1.15,8.0,0.8500333333333333,11.164125,20.395289579166665,False,-9.231164579166665
13,1.0,0.7,1.3,0.0,0.8500333333333333,11.164125,13.779993879166668,False,-2.6158688791666673
13,1.0,0.7,1.3,2.0,0.8500333333333333,11.164125,15.779993879166668,False,-4.615868879166667
13,1.0,0.7,1.3,4.0,0.8500333333333333,11.164125,17.779993879166668,False,-6.615868879166667
13,1.0,0.7,1.3,6.0,0.8500333333333333,11.164125,19.779993879166668,False,-8.615868879166667
13,1.0,0.7,1.3,8.0,0.8500333333333333,11.164125,21.779993879166668,False,-10.615868879166667
13,1.0,0.85,0.7,0.0,0.8500333333333333,13.5564375,8.599943810416667,True,4.956493689583333
13,1.0,0.85,0.7,2.0,0.8500333333333333,13.5564375,10.599943810416667,True,2.9564936895833327
13,1.0,0.85,0.7,4.0,0.8500333333333333,13.5564375,12.599943810416667,True,0.9564936895833327
13,1.0,0.85,0.7,6.0,0.8500333333333333,13.5564375,14.599943810416667,False,-1.0435063104166673
13,1.0,0.85,0.7,8.0,0.8500333333333333,13.5564375,16.59994381041667,False,-3.043506310416669
13,1.0,0.85,0.85,0.0,0.8500333333333333,13.5564375,9.984648110416668,True,3.5717893895833317
13,1.0,0.85,0.85,2.0,0.8500333333333333,13.5564375,11.984648110416668,True,1.5717893895833317
13,1.0,0.85,0.85,4.0,0.8500333333333333,13.5564375,13.984648110416668,False,-0.4282106104166683
13,1.0,0.85,0.85,6.0,0.8500333333333333,13.5564375,15.984648110416668,False,-2.4282106104166683
13,1.0,0.85,0.85,8.0,0.8500333333333333,13.5564375,17.984648110416668,False,-4.428210610416668
13,1.0,0.85,1.0,0.0,0.8500333333333333,13.5564375,11.369352410416667,True,2.1870850895833325
13,1.0,0.85,1.0,2.0,0.8500333333333333,13.5564375,13.369352410416667,True,0.18708508958333248
13,1.0,0.85,1.0,4.0,0.8500333333333333,13.5564375,15.369352410416667,False,-1.8129149104166675
13,1.0,0.85,1.0,6.0,0.8500333333333333,13.5564375,17.369352410416667,False,-3.8129149104166675
13,1.0,0.85,1.0,8.0,0.8500333333333333,13.5564375,19.369352410416667,False,-5.8129149104166675
13,1.0,0.85,1.15,0.0,0.8500333333333333,13.5564375,12.754056710416666,True,0.8023807895833333
13,1.0,0.85,1.15,2.0,0.8500333333333333,13.5564375,14.754056710416666,False,-1.1976192104166667
13,1.0,0.85,1.15,4.0,0.8500333333333333,13.5564375,16.754056710416666,False,-3.1976192104166667
13,1.0,0.85,1.15,6.0,0.8500333333333333,13.5564375,18.754056710416666,False,-5.197619210416667
13,1.0,0.85,1.15,8.0,0.8500333333333333,13.5564375,20.754056710416666,False,-7.197619210416667
13,1.0,0.85,1.3,0.0,0.8500333333333333,13.5564375,14.138761010416667,False,-0.5823235104166677
13,1.0,0.85,1.3,2.0,0.8500333333333333,13.5564375,16.138761010416665,False,-2.582323510416666
13,1.0,0.85,1.3,4.0,0.8500333333333333,13.5564375,18.138761010416665,False,-4.582323510416666
13,1.0,0.85,1.3,6.0,0.8500333333333333,13.5564375,20.138761010416665,False,-6.582323510416666
13,1.0,0.85,1.3,8.0,0.8500333333333333,13.5564375,22.138761010416665,False,-8.582323510416666
13,1.0,1.0,0.7,0.0,0.8500333333333333,15.94875,8.958710941666666,True,6.990039058333334
13,1.0,1.0,0.7,2.0,0.8500333333333333,15.94875,10.958710941666666,True,4.990039058333334
13,1.0,1.0,0.7,4.0,0.8500333333333333,15.94875,12.958710941666666,True,2.990039058333334
13,1.0,1.0,0.7,6.0,0.8500333333333333,15.94875,14.958710941666666,True,0.990039058333334
13,1.0,1.0,0.7,8.0,0.8500333333333333,15.94875,16.958710941666666,False,-1.009960941666666
13,1.0,1.0,0.85,0.0,0.8500333333333333,15.94875,10.34341524166667,True,5.605334758333331
13,1.0,1.0,0.85,2.0,0.8500333333333333,15.94875,12.34341524166667,True,3.6053347583333313
13,1.0,1.0,0.85,4.0,0.8500333333333333,15.94875,14.34341524166667,True,1.6053347583333313
13,1.0,1.0,0.85,6.0,0.8500333333333333,15.94875,16.34341524166667,False,-0.3946652416666687
13,1.0,1.0,0.85,8.0,0.8500333333333333,15.94875,18.34341524166667,False,-2.3946652416666687
13,1.0,1.0,1.0,0.0,0.8500333333333333,15.94875,11.728119541666668,True,4.220630458333332
13,1.0,1.0,1.0,2.0,0.8500333333333333,15.94875,13.728119541666668,True,2.220630458333332
13,1.0,1.0,1.0,4.0,0.8500333333333333,15.94875,15.728119541666668,True,0.22063045833333206
13,1.0,1.0,1.0,6.0,0.8500333333333333,15.94875,17.72811954166667,False,-1.779369541666668
13,1.0,1.0,1.0,8.0,0.8500333333333333,15.94875,19.72811954166667,False,-3.779369541666668
13,1.0,1.0,1.15,0.0,0.8500333333333333,15.94875,13.112823841666668,True,2.835926158333333
13,1.0,1.0,1.15,2.0,0.8500333333333333,15.94875,15.112823841666668,True,0.8359261583333328
13,1.0,1.0,1.15,4.0,0.8500333333333333,15.94875,17.112823841666668,False,-1.1640738416666672
13,1.0,1.0,1.15,6.0,0.8500333333333333,15.94875,19.112823841666668,False,-3.164073841666667
13,1.0,1.0,1.15,8.0,0.8500333333333333,15.94875,21.112823841666668,False,-5.164073841666667
13,1.0,1.0,1.3,0.0,0.8500333333333333,15.94875,14.497528141666669,True,1.4512218583333318
13,1.0,1.0,1.3,2.0,0.8500333333333333,15.94875,16.49752814166667,False,-0.5487781416666699
13,1.0,1.0,1.3,4.0,0.8500333333333333,15.94875,18.49752814166667,False,-2.54877814166667
13,1.0,1.0,1.3,6.0,0.8500333333333333,15.94875,20.49752814166667,False,-4.54877814166667
13,1.0,1.0,1.3,8.0,0.8500333333333333,15.94875,22.49752814166667,False,-6.54877814166667
13,1.0,1.15,0.7,0.0,0.8500333333333333,18.3410625,9.317478072916666,True,9.023584427083334
13,1.0,1.15,0.7,2.0,0.8500333333333333,18.3410625,11.317478072916666,True,7.023584427083334
13,1.0,1.15,0.7,4.0,0.8500333333333333,18.3410625,13.317478072916666,True,5.023584427083334
13,1.0,1.15,0.7,6.0,0.8500333333333333,18.3410625,15.317478072916666,True,3.0235844270833336
13,1.0,1.15,0.7,8.0,0.8500333333333333,18.3410625,17.317478072916664,True,1.0235844270833354
13,1.0,1.15,0.85,0.0,0.8500333333333333,18.3410625,10.702182372916669,True,7.638880127083331
13,1.0,1.15,0.85,2.0,0.8500333333333333,18.3410625,12.702182372916669,True,5.638880127083331
13,1.0,1.15,0.85,4.0,0.8500333333333333,18.3410625,14.702182372916669,True,3.638880127083331
13,1.0,1.15,0.85,6.0,0.8500333333333333,18.3410625,16.702182372916667,True,1.6388801270833326
13,1.0,1.15,0.85,8.0,0.8500333333333333,18.3410625,18.702182372916667,False,-0.36111987291666736
13,1.0,1.15,1.0,0.0,0.8500333333333333,18.3410625,12.086886672916668,True,6.254175827083332
13,1.0,1.15,1.0,2.0,0.8500333333333333,18.3410625,14.086886672916668,True,4.254175827083332
13,1.0,1.15,1.0,4.0,0.8500333333333333,18.3410625,16.08688667291667,True,2.25417582708333
13,1.0,1.15,1.0,6.0,0.8500333333333333,18.3410625,18.08688667291667,True,0.25417582708332986
13,1.0,1.15,1.0,8.0,0.8500333333333333,18.3410625,20.08688667291667,False,-1.7458241729166701
13,1.0,1.15,1.15,0.0,0.8500333333333333,18.3410625,13.471590972916667,True,4.869471527083332
13,1.0,1.15,1.15,2.0,0.8500333333333333,18.3410625,15.471590972916667,True,2.8694715270833324
13,1.0,1.15,1.15,4.0,0.8500333333333333,18.3410625,17.471590972916665,True,0.8694715270833342
13,1.0,1.15,1.15,6.0,0.8500333333333333,18.3410625,19.471590972916665,False,-1.1305284729166658
13,1.0,1.15,1.15,8.0,0.8500333333333333,18.3410625,21.471590972916665,False,-3.130528472916666
13,1.0,1.15,1.3,0.0,0.8500333333333333,18.3410625,14.856295272916668,True,3.4847672270833314
13,1.0,1.15,1.3,2.0,0.8500333333333333,18.3410625,16.856295272916668,True,1.4847672270833314
13,1.0,1.15,1.3,4.0,0.8500333333333333,18.3410625,18.856295272916668,False,-0.5152327729166686
13,1.0,1.15,1.3,6.0,0.8500333333333333,18.3410625,20.856295272916668,False,-2.5152327729166686
13,1.0,1.15,1.3,8.0,0.8500333333333333,18.3410625,22.856295272916668,False,-4.515232772916669
13,1.0,1.3,0.7,0.0,0.8500333333333333,20.733375000000002,9.676245204166667,True,11.057129795833335
13,1.0,1.3,0.7,2.0,0.8500333333333333,20.733375000000002,11.676245204166667,True,9.057129795833335
13,1.0,1.3,0.7,4.0,0.8500333333333333,20.733375000000002,13.676245204166667,True,7.057129795833335
13,1.0,1.3,0.7,6.0,0.8500333333333333,20.733375000000002,15.676245204166667,True,5.057129795833335
13,1.0,1.3,0.7,8.0,0.8500333333333333,20.733375000000002,17.67624520416667,True,3.057129795833333
13,1.0,1.3,0.85,0.0,0.8500333333333333,20.733375000000002,11.060949504166668,True,9.672425495833334
13,1.0,1.3,0.85,2.0,0.8500333333333333,20.733375000000002,13.060949504166668,True,7.672425495833334
13,1.0,1.3,0.85,4.0,0.8500333333333333,20.733375000000002,15.060949504166668,True,5.672425495833334
13,1.0,1.3,0.85,6.0,0.8500333333333333,20.733375000000002,17.06094950416667,True,3.672425495833334
13,1.0,1.3,0.85,8.0,0.8500333333333333,20.733375000000002,19.06094950416667,True,1.672425495833334
13,1.0,1.3,1.0,0.0,0.8500333333333333,20.733375000000002,12.445653804166668,True,8.287721195833335
13,1.0,1.3,1.0,2.0,0.8500333333333333,20.733375000000002,14.445653804166668,True,6.287721195833335
13,1.0,1.3,1.0,4.0,0.8500333333333333,20.733375000000002,16.445653804166668,True,4.287721195833335
13,1.0,1.3,1.0,6.0,0.8500333333333333,20.733375000000002,18.445653804166668,True,2.2877211958333348
13,1.0,1.3,1.0,8.0,0.8500333333333333,20.733375000000002,20.445653804166668,True,0.2877211958333348
13,1.0,1.3,1.15,0.0,0.8500333333333333,20.733375000000002,13.830358104166667,True,6.9030168958333356
13,1.0,1.3,1.15,2.0,0.8500333333333333,20.733375000000002,15.830358104166667,True,4.9030168958333356
13,1.0,1.3,1.15,4.0,0.8500333333333333,20.733375000000002,17.830358104166667,True,2.9030168958333356
13,1.0,1.3,1.15,6.0,0.8500333333333333,20.733375000000002,19.830358104166667,True,0.9030168958333356
13,1.0,1.3,1.15,8.0,0.8500333333333333,20.733375000000002,21.830358104166667,False,-1.0969831041666644
13,1.0,1.3,1.3,0.0,0.8500333333333333,20.733375000000002,15.215062404166668,True,5.5183125958333346
13,1.0,1.3,1.3,2.0,0.8500333333333333,20.733375000000002,17.215062404166666,True,3.5183125958333363
13,1.0,1.3,1.3,4.0,0.8500333333333333,20.733375000000002,19.215062404166666,True,1.5183125958333363
13,1.0,1.3,1.3,6.0,0.8500333333333333,20.733375000000002,21.215062404166666,False,-0.48168740416666367
13,1.0,1.3,1.3,8.0,0.8500333333333333,20.733375000000002,23.215062404166666,False,-2.4816874041666637
13,1.25,0.7,0.7,0.0,0.7015666666666667,11.164125,8.873960170833334,True,2.2901648291666667
13,1.25,0.7,0.7,2.0,0.7015666666666667,11.164125,10.873960170833334,True,0.29016482916666675
13,1.25,0.7,0.7,4.0,0.7015666666666667,11.164125,12.873960170833334,False,-1.7098351708333333
13,1.25,0.7,0.7,6.0,0.7015666666666667,11.164125,14.873960170833334,False,-3.7098351708333333
13,1.25,0.7,0.7,8.0,0.7015666666666667,11.164125,16.873960170833335,False,-5.709835170833335
13,1.25,0.7,0.85,0.0,0.7015666666666667,11.164125,10.016812270833334,True,1.147312729166666
13,1.25,0.7,0.85,2.0,0.7015666666666667,11.164125,12.016812270833334,False,-0.852687270833334
13,1.25,0.7,0.85,4.0,0.7015666666666667,11.164125,14.016812270833334,False,-2.852687270833334
13,1.25,0.7,0.85,6.0,0.7015666666666667,11.164125,16.016812270833334,False,-4.852687270833334
13,1.25,0.7,0.85,8.0,0.7015666666666667,11.164125,18.016812270833334,False,-6.852687270833334
13,1.25,0.7,1.0,0.0,0.7015666666666667,11.164125,11.159664370833333,True,0.004460629166667118
13,1.25,0.7,1.0,2.0,0.7015666666666667,11.164125,13.159664370833333,False,-1.9955393708333329
13,1.25,0.7,1.0,4.0,0.7015666666666667,11.164125,15.159664370833333,False,-3.995539370833333
13,1.25,0.7,1.0,6.0,0.7015666666666667,11.164125,17.159664370833333,False,-5.995539370833333
13,1.25,0.7,1.0,8.0,0.7015666666666667,11.164125,19.159664370833333,False,-7.995539370833333
13,1.25,0.7,1.15,0.0,0.7015666666666667,11.164125,12.302516470833334,False,-1.1383914708333336
13,1.25,0.7,1.15,2.0,0.7015666666666667,11.164125,14.302516470833334,False,-3.1383914708333336
13,1.25,0.7,1.15,4.0,0.7015666666666667,11.164125,16.302516470833332,False,-5.138391470833332
13,1.25,0.7,1.15,6.0,0.7015666666666667,11.164125,18.302516470833332,False,-7.138391470833332
13,1.25,0.7,1.15,8.0,0.7015666666666667,11.164125,20.302516470833332,False,-9.138391470833332
13,1.25,0.7,1.3,0.0,0.7015666666666667,11.164125,13.445368570833335,False,-2.2812435708333343
13,1.25,0.7,1.3,2.0,0.7015666666666667,11.164125,15.445368570833335,False,-4.281243570833334
13,1.25,0.7,1.3,4.0,0.7015666666666667,11.164125,17.445368570833335,False,-6.281243570833334
13,1.25,0.7,1.3,6.0,0.7015666666666667,11.164125,19.445368570833335,False,-8.281243570833334
13,1.25,0.7,1.3,8.0,0.7015666666666667,11.164125,21.445368570833335,False,-10.281243570833334
13,1.25,0.85,0.7,0.0,0.7015666666666667,13.5564375,9.587905964583333,True,3.968531535416666
13,1.25,0.85,0.7,2.0,0.7015666666666667,13.5564375,11.587905964583333,True,1.9685315354166661
13,1.25,0.85,0.7,4.0,0.7015666666666667,13.5564375,13.587905964583333,False,-0.031468464583333855
13,1.25,0.85,0.7,6.0,0.7015666666666667,13.5564375,15.587905964583333,False,-2.031468464583334
13,1.25,0.85,0.7,8.0,0.7015666666666667,13.5564375,17.587905964583335,False,-4.031468464583336
13,1.25,0.85,0.85,0.0,0.7015666666666667,13.5564375,10.730758064583334,True,2.8256794354166654
13,1.25,0.85,0.85,2.0,0.7015666666666667,13.5564375,12.730758064583334,True,0.8256794354166654
13,1.25,0.85,0.85,4.0,0.7015666666666667,13.5564375,14.730758064583334,False,-1.1743205645833346
13,1.25,0.85,0.85,6.0,0.7015666666666667,13.5564375,16.730758064583334,False,-3.1743205645833346
13,1.25,0.85,0.85,8.0,0.7015666666666667,13.5564375,18.730758064583334,False,-5.174320564583335
13,1.25,0.85,1.0,0.0,0.7015666666666667,13.5564375,11.873610164583333,True,1.6828273354166665
13,1.25,0.85,1.0,2.0,0.7015666666666667,13.5564375,13.873610164583333,False,-0.3171726645833335
13,1.25,0.85,1.0,4.0,0.7015666666666667,13.5564375,15.873610164583333,False,-2.3171726645833335
13,1.25,0.85,1.0,6.0,0.7015666666666667,13.5564375,17.873610164583333,False,-4.3171726645833335
13,1.25,0.85,1.0,8.0,0.7015666666666667,13.5564375,19.873610164583333,False,-6.3171726645833335
13,1.25,0.85,1.15,0.0,0.7015666666666667,13.5564375,13.016462264583334,True,0.5399752354166658
13,1.25,0.85,1.15,2.0,0.7015666666666667,13.5564375,15.016462264583334,False,-1.4600247645833342
13,1.25,0.85,1.15,4.0,0.7015666666666667,13.5564375,17.016462264583332,False,-3.4600247645833324
13,1.25,0.85,1.15,6.0,0.7015666666666667,13.5564375,19.016462264583332,False,-5.460024764583332
13,1.25,0.85,1.15,8.0,0.7015666666666667,13.5564375,21.016462264583332,False,-7.460024764583332
13,1.25,0.85,1.3,0.0,0.7015666666666667,13.5564375,14.159314364583334,False,-0.6028768645833349
13,1.25,0.85,1.3,2.0,0.7015666666666667,13.5564375,16.159314364583334,False,-2.602876864583335
13,1.25,0.85,1.3,4.0,0.7015666666666667,13.5564375,18.159314364583334,False,-4.602876864583335
13,1.25,0.85,1.3,6.0,0.7015666666666667,13.5564375,20.159314364583334,False,-6.602876864583335
13,1.25,0.85,1.3,8.0,0.7015666666666667,13.5564375,22.159314364583334,False,-8.602876864583335
13,1.25,1.0,0.7,0.0,0.7015666666666667,15.94875,10.301851758333333,True,5.646898241666667
13,1.25,1.0,0.7,2.0,0.7015666666666667,15.94875,12.301851758333333,True,3.6468982416666673
13,1.25,1.0,0.7,4.0,0.7015666666666667,15.94875,14.301851758333333,True,1.6468982416666673
13,1.25,1.0,0.7,6.0,0.7015666666666667,15.94875,16.301851758333335,False,-0.35310175833333446
13,1.25,1.0,0.7,8.0,0.7015666666666667,15.94875,18.301851758333335,False,-2.3531017583333345
13,1.25,1.0,0.85,0.0,0.7015666666666667,15.94875,11.444703858333334,True,4.504046141666667
13,1.25,1.0,0.85,2.0,0.7015666666666667,15.94875,13.444703858333334,True,2.5040461416666666
13,1.25,1.0,0.85,4.0,0.7015666666666667,15.94875,15.444703858333334,True,0.5040461416666666
13,1.25,1.0,0.85,6.0,0.7015666666666667,15.94875,17.444703858333334,False,-1.4959538583333334
13,1.25,1.0,0.85,8.0,0.7015666666666667,15.94875,19.444703858333334,False,-3.4959538583333334
13,1.25,1.0,1.0,0.0,0.7015666666666667,15.94875,12.587555958333333,True,3.3611940416666677
13,1.25,1.0,1.0,2.0,0.7015666666666667,15.94875,14.587555958333333,True,1.3611940416666677
13,1.25,1.0,1.0,4.0,0.7015666666666667,15.94875,16.587555958333333,False,-0.6388059583333323
13,1.25,1.0,1.0,6.0,0.7015666666666667,15.94875,18.587555958333333,False,-2.6388059583333323
13,1.25,1.0,1.0,8.0,0.7015666666666667,15.94875,20.587555958333333,False,-4.638805958333332
13,1.25,1.0,1.15,0.0,0.7015666666666667,15.94875,13.730408058333333,True,2.218341941666667
13,1.25,1.0,1.15,2.0,0.7015666666666667,15.94875,15.730408058333333,True,0.21834194166666698
13,1.25,1.0,1.15,4.0,0.7015666666666667,15.94875,17.73040805833333,False,-1.7816580583333312
13,1.25,1.0,1.15,6.0,0.7015666666666667,15.94875,19.73040805833333,False,-3.7816580583333312
13,1.25,1.0,1.15,8.0,0.7015666666666667,15.94875,21.73040805833333,False,-5.781658058333331
13,1.25,1.0,1.3,0.0,0.7015666666666667,15.94875,14.873260158333334,True,1.0754898416666663
13,1.25,1.0,1.3,2.0,0.7015666666666667,15.94875,16.873260158333334,False,-0.9245101583333337
13,1.25,1.0,1.3,4.0,0.7015666666666667,15.94875,18.873260158333334,False,-2.9245101583333337
13,1.25,1.0,1.3,6.0,0.7015666666666667,15.94875,20.873260158333334,False,-4.924510158333334
13,1.25,1.0,1.3,8.0,0.7015666666666667,15.94875,22.873260158333334,False,-6.924510158333334
13,1.25,1.15,0.7,0.0,0.7015666666666667,18.3410625,11.015797552083333,True,7.325264947916667
13,1.25,1.15,0.7,2.0,0.7015666666666667,18.3410625,13.015797552083333,True,5.325264947916667
13,1.25,1.15,0.7,4.0,0.7015666666666667,18.3410625,15.015797552083333,True,3.3252649479166667
13,1.25,1.15,0.7,6.0,0.7015666666666667,18.3410625,17.015797552083335,True,1.325264947916665
13,1.25,1.15,0.7,8.0,0.7015666666666667,18.3410625,19.015797552083335,False,-0.6747350520833351
13,1.25,1.15,0.85,0.0,0.7015666666666667,18.3410625,12.158649652083334,True,6.182412847916666
13,1.25,1.15,0.85,2.0,0.7015666666666667,18.3410625,14.158649652083334,True,4.182412847916666
13,1.25,1.15,0.85,4.0,0.7015666666666667,18.3410625,16.158649652083334,True,2.182412847916666
13,1.25,1.15,0.85,6.0,0.7015666666666667,18.3410625,18.158649652083334,True,0.182412847916666
13,1.25,1.15,0.85,8.0,0.7015666666666667,18.3410625,20.158649652083334,False,-1.817587152083334
13,1.25,1.15,1.0,0.0,0.7015666666666667,18.3410625,13.301501752083333,True,5.039560747916667
13,1.25,1.15,1.0,2.0,0.7015666666666667,18.3410625,15.301501752083333,True,3.039560747916667
13,1.25,1.15,1.0,4.0,0.7015666666666667,18.3410625,17.301501752083333,True,1.039560747916667
13,1.25,1.15,1.0,6.0,0.7015666666666667,18.3410625,19.301501752083333,False,-0.9604392520833329
13,1.25,1.15,1.0,8.0,0.7015666666666667,18.3410625,21.301501752083333,False,-2.960439252083333
13,1.25,1.15,1.15,0.0,0.7015666666666667,18.3410625,14.444353852083333,True,3.8967086479166664
13,1.25,1.15,1.15,2.0,0.7015666666666667,18.3410625,16.44435385208333,True,1.8967086479166682
13,1.25,1.15,1.15,4.0,0.7015666666666667,18.3410625,18.44435385208333,False,-0.10329135208333184
13,1.25,1.15,1.15,6.0,0.7015666666666667,18.3410625,20.44435385208333,False,-2.103291352083332
13,1.25,1.15,1.15,8.0,0.7015666666666667,18.3410625,22.44435385208333,False,-4.103291352083332
13,1.25,1.15,1.3,0.0,0.7015666666666667,18.3410625,15.587205952083334,True,2.7538565479166657
13,1.25,1.15,1.3,2.0,0.7015666666666667,18.3410625,17.587205952083334,True,0.7538565479166657
13,1.25,1.15,1.3,4.0,0.7015666666666667,18.3410625,19.587205952083334,False,-1.2461434520833343
13,1.25,1.15,1.3,6.0,0.7015666666666667,18.3410625,21.587205952083334,False,-3.2461434520833343
13,1.25,1.15,1.3,8.0,0.7015666666666667,18.3410625,23.587205952083334,False,-5.246143452083334
13,1.25,1.3,0.7,0.0,0.7015666666666667,20.733375000000002,11.729743345833334,True,9.003631654166668
13,1.25,1.3,0.7,2.0,0.7015666666666667,20.733375000000002,13.729743345833334,True,7.003631654166668
13,1.25,1.3,0.7,4.0,0.7015666666666667,20.733375000000002,15.729743345833334,True,5.003631654166668
13,1.25,1.3,0.7,6.0,0.7015666666666667,20.733375000000002,17.729743345833334,True,3.003631654166668
13,1.25,1.3,0.7,8.0,0.7015666666666667,20.733375000000002,19.729743345833334,True,1.0036316541666679
13,1.25,1.3,0.85,0.0,0.7015666666666667,20.733375000000002,12.872595445833335,True,7.860779554166667
13,1.25,1.3,0.85,2.0,0.7015666666666667,20.733375000000002,14.872595445833335,True,5.860779554166667
13,1.25,1.3,0.85,4.0,0.7015666666666667,20.733375000000002,16.872595445833333,True,3.860779554166669
13,1.25,1.3,0.85,6.0,0.7015666666666667,20.733375000000002,18.872595445833333,True,1.860779554166669
13,1.25,1.3,0.85,8.0,0.7015666666666667,20.733375000000002,20.872595445833333,False,-0.13922044583333104
13,1.25,1.3,1.0,0.0,0.7015666666666667,20.733375000000002,14.015447545833336,True,6.7179274541666665
13,1.25,1.3,1.0,2.0,0.7015666666666667,20.733375000000002,16.015447545833336,True,4.7179274541666665
13,1.25,1.3,1.0,4.0,0.7015666666666667,20.733375000000002,18.015447545833336,True,2.7179274541666665
13,1.25,1.3,1.0,6.0,0.7015666666666667,20.733375000000002,20.015447545833336,True,0.7179274541666665
13,1.25,1.3,1.0,8.0,0.7015666666666667,20.733375000000002,22.015447545833336,False,-1.2820725458333335
13,1.25,1.3,1.15,0.0,0.7015666666666667,20.733375000000002,15.158299645833335,True,5.5750753541666676
13,1.25,1.3,1.15,2.0,0.7015666666666667,20.733375000000002,17.158299645833335,True,3.5750753541666676
13,1.25,1.3,1.15,4.0,0.7015666666666667,20.733375000000002,19.158299645833335,True,1.5750753541666676
13,1.25,1.3,1.15,6.0,0.7015666666666667,20.733375000000002,21.158299645833335,False,-0.42492464583333245
13,1.25,1.3,1.15,8.0,0.7015666666666667,20.733375000000002,23.158299645833335,False,-2.4249246458333324
13,1.25,1.3,1.3,0.0,0.7015666666666667,20.733375000000002,16.301151745833337,True,4.432223254166665
13,1.25,1.3,1.3,2.0,0.7015666666666667,20.733375000000002,18.301151745833337,True,2.432223254166665
13,1.25,1.3,1.3,4.0,0.7015666666666667,20.733375000000002,20.301151745833337,True,0.43222325416666507
13,1.25,1.3,1.3,6.0,0.7015666666666667,20.733375000000002,22.301151745833337,False,-1.567776745833335
13,1.25,1.3,1.3,8.0,0.7015666666666667,20.733375000000002,24.301151745833337,False,-3.567776745833335
13,1.5,0.7,0.7,0.0,0.3348833333333333,11.164125,10.436810372916666,True,0.7273146270833344
13,1.5,0.7,0.7,2.0,0.3348833333333333,11.164125,12.436810372916666,False,-1.2726853729166656
13,1.5,0.7,0.7,4.0,0.3348833333333333,11.164125,14.436810372916666,False,-3.2726853729166656
13,1.5,0.7,0.7,6.0,0.3348833333333333,11.164125,16.436810372916668,False,-5.272685372916667
13,1.5,0.7,0.7,8.0,0.3348833333333333,11.164125,18.436810372916668,False,-7.272685372916667
13,1.5,0.7,0.85,0.0,0.3348833333333333,11.164125,10.982335322916667,True,0.1817896770833336
13,1.5,0.7,0.85,2.0,0.3348833333333333,11.164125,12.982335322916667,False,-1.8182103229166664
13,1.5,0.7,0.85,4.0,0.3348833333333333,11.164125,14.982335322916667,False,-3.8182103229166664
13,1.5,0.7,0.85,6.0,0.3348833333333333,11.164125,16.98233532291667,False,-5.818210322916668
13,1.5,0.7,0.85,8.0,0.3348833333333333,11.164125,18.98233532291667,False,-7.818210322916668
13,1.5,0.7,1.0,0.0,0.3348833333333333,11.164125,11.527860272916666,False,-0.3637352729166654
13,1.5,0.7,1.0,2.0,0.3348833333333333,11.164125,13.527860272916666,False,-2.3637352729166654
13,1.5,0.7,1.0,4.0,0.3348833333333333,11.164125,15.527860272916666,False,-4.363735272916665
13,1.5,0.7,1.0,6.0,0.3348833333333333,11.164125,17.527860272916666,False,-6.363735272916665
13,1.5,0.7,1.0,8.0,0.3348833333333333,11.164125,19.527860272916666,False,-8.363735272916665
13,1.5,0.7,1.15,0.0,0.3348833333333333,11.164125,12.073385222916666,False,-0.9092602229166662
13,1.5,0.7,1.15,2.0,0.3348833333333333,11.164125,14.073385222916666,False,-2.909260222916666
13,1.5,0.7,1.15,4.0,0.3348833333333333,11.164125,16.073385222916666,False,-4.909260222916666
13,1.5,0.7,1.15,6.0,0.3348833333333333,11.164125,18.073385222916666,False,-6.909260222916666
13,1.5,0.7,1.15,8.0,0.3348833333333333,11.164125,20.073385222916666,False,-8.909260222916666
13,1.5,0.7,1.3,0.0,0.3348833333333333,11.164125,12.618910172916667,False,-1.454785172916667
13,1.5,0.7,1.3,2.0,0.3348833333333333,11.164125,14.618910172916667,False,-3.454785172916667
13,1.5,0.7,1.3,4.0,0.3348833333333333,11.164125,16.618910172916667,False,-5.454785172916667
13,1.5,0.7,1.3,6.0,0.3348833333333333,11.164125,18.618910172916667,False,-7.454785172916667
13,1.5,0.7,1.3,8.0,0.3348833333333333,11.164125,20.618910172916667,False,-9.454785172916667
13,1.5,0.85,0.7,0.0,0.3348833333333333,13.5564375,12.027977288541665,True,1.5284602114583343
13,1.5,0.85,0.7,2.0,0.3348833333333333,13.5564375,14.027977288541665,False,-0.47153978854166567
13,1.5,0.85,0.7,4.0,0.3348833333333333,13.5564375,16.027977288541663,False,-2.471539788541664
13,1.5,0.85,0.7,6.0,0.3348833333333333,13.5564375,18.027977288541663,False,-4.471539788541664
13,1.5,0.85,0.7,8.0,0.3348833333333333,13.5564375,20.027977288541663,False,-6.471539788541664
13,1.5,0.85,0.85,0.0,0.3348833333333333,13.5564375,12.573502238541666,True,0.9829352614583335
13,1.5,0.85,0.85,2.0,0.3348833333333333,13.5564375,14.573502238541666,False,-1.0170647385416665
13,1.5,0.85,0.85,4.0,0.3348833333333333,13.5564375,16.573502238541664,False,-3.0170647385416647
13,1.5,0.85,0.85,6.0,0.3348833333333333,13.5564375,18.573502238541664,False,-5.017064738541665
13,1.5,0.85,0.85,8.0,0.3348833333333333,13.5564375,20.573502238541664,False,-7.017064738541665
13,1.5,0.85,1.0,0.0,0.3348833333333333,13.5564375,13.119027188541665,True,0.43741031145833453
13,1.5,0.85,1.0,2.0,0.3348833333333333,13.5564375,15.119027188541665,False,-1.5625896885416655
13,1.5,0.85,1.0,4.0,0.3348833333333333,13.5564375,17.119027188541665,False,-3.5625896885416655
13,1.5,0.85,1.0,6.0,0.3348833333333333,13.5564375,19.119027188541665,False,-5.5625896885416655
13,1.5,0.85,1.0,8.0,0.3348833333333333,13.5564375,21.119027188541665,False,-7.5625896885416655
13,1.5,0.85,1.15,0.0,0.3348833333333333,13.5564375,13.664552138541666,False,-0.10811463854166625
13,1.5,0.85,1.15,2.0,0.3348833333333333,13.5564375,15.664552138541666,False,-2.1081146385416663
13,1.5,0.85,1.15,4.0,0.3348833333333333,13.5564375,17.664552138541666,False,-4.108114638541666
13,1.5,0.85,1.15,6.0,0.3348833333333333,13.5564375,19.664552138541666,False,-6.108114638541666
13,1.5,0.85,1.15,8.0,0.3348833333333333,13.5564375,21.664552138541666,False,-8.108114638541666
13,1.5,0.85,1.3,0.0,0.3348833333333333,13.5564375,14.210077088541667,False,-0.653639588541667
13,1.5,0.85,1.3,2.0,0.3348833333333333,13.5564375,16.210077088541667,False,-2.653639588541667
13,1.5,0.85,1.3,4.0,0.3348833333333333,13.5564375,18.210077088541667,False,-4.653639588541667
13,1.5,0.85,1.3,6.0,0.3348833333333333,13.5564375,20.210077088541667,False,-6.653639588541667
13,1.5,0.85,1.3,8.0,0.3348833333333333,13.5564375,22.210077088541667,False,-8.653639588541667
13,1.5,1.0,0.7,0.0,0.3348833333333333,15.94875,13.619144204166666,True,2.3296057958333343
13,1.5,1.0,0.7,2.0,0.3348833333333333,15.94875,15.619144204166666,True,0.32960579583333427
13,1.5,1.0,0.7,4.0,0.3348833333333333,15.94875,17.619144204166666,False,-1.6703942041666657
13,1.5,1.0,0.7,6.0,0.3348833333333333,15.94875,19.619144204166666,False,-3.6703942041666657
13,1.5,1.0,0.7,8.0,0.3348833333333333,15.94875,21.619144204166666,False,-5.670394204166666
13,1.5,1.0,0.85,0.0,0.3348833333333333,15.94875,14.164669154166667,True,1.7840808458333335
13,1.5,1.0,0.85,2.0,0.3348833333333333,15.94875,16.164669154166667,False,-0.21591915416666652
13,1.5,1.0,0.85,4.0,0.3348833333333333,15.94875,18.164669154166667,False,-2.2159191541666665
13,1.5,1.0,0.85,6.0,0.3348833333333333,15.94875,20.164669154166667,False,-4.2159191541666665
13,1.5,1.0,0.85,8.0,0.3348833333333333,15.94875,22.164669154166667,False,-6.2159191541666665
13,1.5,1.0,1.0,0.0,0.3348833333333333,15.94875,14.710194104166668,True,1.2385558958333327
13,1.5,1.0,1.0,2.0,0.3348833333333333,15.94875,16.710194104166668,False,-0.7614441041666673
13,1.5,1.0,1.0,4.0,0.3348833333333333,15.94875,18.710194104166668,False,-2.7614441041666673
13,1.5,1.0,1.0,6.0,0.3348833333333333,15.94875,20.710194104166668,False,-4.761444104166667
13,1.5,1.0,1.0,8.0,0.3348833333333333,15.94875,22.710194104166668,False,-6.761444104166667
13,1.5,1.0,1.15,0.0,0.3348833333333333,15.94875,15.255719054166667,True,0.6930309458333337
13,1.5,1.0,1.15,2.0,0.3348833333333333,15.94875,17.25571905416667,False,-1.306969054166668
13,1.5,1.0,1.15,4.0,0.3348833333333333,15.94875,19.25571905416667,False,-3.306969054166668
13,1.5,1.0,1.15,6.0,0.3348833333333333,15.94875,21.25571905416667,False,-5.306969054166668
13,1.5,1.0,1.15,8.0,0.3348833333333333,15.94875,23.25571905416667,False,-7.306969054166668
13,1.5,1.0,1.3,0.0,0.3348833333333333,15.94875,15.801244004166666,True,0.14750599583333468
13,1.5,1.0,1.3,2.0,0.3348833333333333,15.94875,17.801244004166666,False,-1.8524940041666653
13,1.5,1.0,1.3,4.0,0.3348833333333333,15.94875,19.801244004166666,False,-3.8524940041666653
13,1.5,1.0,1.3,6.0,0.3348833333333333,15.94875,21.801244004166666,False,-5.852494004166665
13,1.5,1.0,1.3,8.0,0.3348833333333333,15.94875,23.801244004166666,False,-7.852494004166665
13,1.5,1.15,0.7,0.0,0.3348833333333333,18.3410625,15.210311119791665,True,3.130751380208334
13,1.5,1.15,0.7,2.0,0.3348833333333333,18.3410625,17.210311119791665,True,1.1307513802083342
13,1.5,1.15,0.7,4.0,0.3348833333333333,18.3410625,19.210311119791665,False,-0.8692486197916658
13,1.5,1.15,0.7,6.0,0.3348833333333333,18.3410625,21.210311119791665,False,-2.869248619791666
13,1.5,1.15,0.7,8.0,0.3348833333333333,18.3410625,23.210311119791665,False,-4.869248619791666
13,1.5,1.15,0.85,0.0,0.3348833333333333,18.3410625,15.755836069791666,True,2.5852264302083334
13,1.5,1.15,0.85,2.0,0.3348833333333333,18.3410625,17.755836069791666,True,0.5852264302083334
13,1.5,1.15,0.85,4.0,0.3348833333333333,18.3410625,19.755836069791666,False,-1.4147735697916666
13,1.5,1.15,0.85,6.0,0.3348833333333333,18.3410625,21.755836069791666,False,-3.4147735697916666
13,1.5,1.15,0.85,8.0,0.3348833333333333,18.3410625,23.755836069791666,False,-5.414773569791667
13,1.5,1.15,1.0,0.0,0.3348833333333333,18.3410625,16.301361019791667,True,2.0397014802083326
13,1.5,1.15,1.0,2.0,0.3348833333333333,18.3410625,18.301361019791667,True,0.03970148020833264
13,1.5,1.15,1.0,4.0,0.3348833333333333,18.3410625,20.301361019791667,False,-1.9602985197916674
13,1.5,1.15,1.0,6.0,0.3348833333333333,18.3410625,22.301361019791667,False,-3.9602985197916674
13,1.5,1.15,1.0,8.0,0.3348833333333333,18.3410625,24.301361019791667,False,-5.960298519791667
13,1.5,1.15,1.15,0.0,0.3348833333333333,18.3410625,16.846885969791664,True,1.4941765302083354
13,1.5,1.15,1.15,2.0,0.3348833333333333,18.3410625,18.846885969791664,False,-0.5058234697916646
13,1.5,1.15,1.15,4.0,0.3348833333333333,18.3410625,20.846885969791664,False,-2.5058234697916646
13,1.5,1.15,1.15,6.0,0.3348833333333333,18.3410625,22.846885969791664,False,-4.505823469791665
13,1.5,1.15,1.15,8.0,0.3348833333333333,18.3410625,24.846885969791664,False,-6.505823469791665
13,1.5,1.15,1.3,0.0,0.3348833333333333,18.3410625,17.392410919791665,True,0.9486515802083346
13,1.5,1.15,1.3,2.0,0.3348833333333333,18.3410625,19.392410919791665,False,-1.0513484197916654
13,1.5,1.15,1.3,4.0,0.3348833333333333,18.3410625,21.392410919791665,False,-3.0513484197916654
13,1.5,1.15,1.3,6.0,0.3348833333333333,18.3410625,23.392410919791665,False,-5.051348419791665
13,1.5,1.15,1.3,8.0,0.3348833333333333,18.3410625,25.392410919791665,False,-7.051348419791665
13,1.5,1.3,0.7,0.0,0.3348833333333333,20.733375000000002,16.801478035416668,True,3.931896964583334
13,1.5,1.3,0.7,2.0,0.3348833333333333,20.733375000000002,18.801478035416668,True,1.9318969645833342
13,1.5,1.3,0.7,4.0,0.3348833333333333,20.733375000000002,20.801478035416668,False,-0.06810303541666585
13,1.5,1.3,0.7,6.0,0.3348833333333333,20.733375000000002,22.801478035416668,False,-2.068103035416666
13,1.5,1.3,0.7,8.0,0.3348833333333333,20.733375000000002,24.801478035416668,False,-4.068103035416666
13,1.5,1.3,0.85,0.0,0.3348833333333333,20.733375000000002,17.34700298541667,True,3.3863720145833334
13,1.5,1.3,0.85,2.0,0.3348833333333333,20.733375000000002,19.34700298541667,True,1.3863720145833334
13,1.5,1.3,0.85,4.0,0.3348833333333333,20.733375000000002,21.34700298541667,False,-0.6136279854166666
13,1.5,1.3,0.85,6.0,0.3348833333333333,20.733375000000002,23.34700298541667,False,-2.6136279854166666
13,1.5,1.3,0.85,8.0,0.3348833333333333,20.733375000000002,25.34700298541667,False,-4.613627985416667
13,1.5,1.3,1.0,0.0,0.3348833333333333,20.733375000000002,17.89252793541667,True,2.8408470645833326
13,1.5,1.3,1.0,2.0,0.3348833333333333,20.733375000000002,19.89252793541667,True,0.8408470645833326
13,1.5,1.3,1.0,4.0,0.3348833333333333,20.733375000000002,21.89252793541667,False,-1.1591529354166674
13,1.5,1.3,1.0,6.0,0.3348833333333333,20.733375000000002,23.89252793541667,False,-3.1591529354166674
13,1.5,1.3,1.0,8.0,0.3348833333333333,20.733375000000002,25.89252793541667,False,-5.159152935416667
13,1.5,1.3,1.15,0.0,0.3348833333333333,20.733375000000002,18.438052885416667,True,2.2953221145833353
13,1.5,1.3,1.15,2.0,0.3348833333333333,20.733375000000002,20.438052885416667,True,0.29532211458333535
13,1.5,1.3,1.15,4.0,0.3348833333333333,20.733375000000002,22.438052885416667,False,-1.7046778854166647
13,1.5,1.3,1.15,6.0,0.3348833333333333,20.733375000000002,24.438052885416667,False,-3.7046778854166647
13,1.5,1.3,1.15,8.0,0.3348833333333333,20.733375000000002,26.438052885416667,False,-5.704677885416665
13,1.5,1.3,1.3,0.0,0.3348833333333333,20.733375000000002,18.983577835416668,True,1.7497971645833346
13,1.5,1.3,1.3,2.0,0.3348833333333333,20.733375000000002,20.983577835416668,False,-0.25020283541666544
13,1.5,1.3,1.3,4.0,0.3348833333333333,20.733375000000002,22.983577835416668,False,-2.2502028354166654
13,1.5,1.3,1.3,6.0,0.3348833333333333,20.733375000000002,24.983577835416668,False,-4.250202835416665
13,1.5,1.3,1.3,8.0,0.3348833333333333,20.733375000000002,26.983577835416668,False,-6.250202835416665
16,0.75,0.7,0.7,0.0,0.86145,11.360999999999999,8.43687985,True,2.9241201499999985
16,0.75,0.7,0.7,2.0,0.86145,11.360999999999999,10.43687985,True,0.9241201499999985
16,0.75,0.7,0.7,4.0,0.86145,11.360999999999999,12.43687985,False,-1.0758798500000015
16,0.75,0.7,0.7,6.0,0.86145,11.360999999999999,14.43687985,False,-3.0758798500000015
16,0.75,0.7,0.7,8.0,0.86145,11.360999999999999,16.43687985,False,-5.0758798500000015
16,0.75,0.7,0.85,0.0,0.86145,11.360999999999999,9.8867002,True,1.474299799999999
16,0.75,0.7,0.85,2.0,0.86145,11.360999999999999,11.8867002,False,-0.5257002000000011
16,0.75,0.7,0.85,4.0,0.86145,11.360999999999999,13.8867002,False,-2.525700200000001
16,0.75,0.7,0.85,6.0,0.86145,11.360999999999999,15.8867002,False,-4.525700200000001
16,0.75,0.7,0.85,8.0,0.86145,11.360999999999999,17.8867002,False,-6.525700200000001
16,0.75,0.7,1.0,0.0,0.86145,11.360999999999999,11.336520550000001,True,0.024479449999997627
16,0.75,0.7,1.0,2.0,0.86145,11.360999999999999,13.336520550000001,False,-1.9755205500000024
16,0.75,0.7,1.0,4.0,0.86145,11.360999999999999,15.336520550000001,False,-3.9755205500000024
16,0.75,0.7,1.0,6.0,0.86145,11.360999999999999,17.336520550000003,False,-5.975520550000004
16,0.75,0.7,1.0,8.0,0.86145,11.360999999999999,19.336520550000003,False,-7.975520550000004
16,0.75,0.7,1.15,0.0,0.86145,11.360999999999999,12.7863409,False,-1.425340900000002
16,0.75,0.7,1.15,2.0,0.86145,11.360999999999999,14.7863409,False,-3.425340900000002
16,0.75,0.7,1.15,4.0,0.86145,11.360999999999999,16.7863409,False,-5.4253409
16,0.75,0.7,1.15,6.0,0.86145,11.360999999999999,18.7863409,False,-7.4253409
16,0.75,0.7,1.15,8.0,0.86145,11.360999999999999,20.7863409,False,-9.4253409
16,0.75,0.7,1.3,0.0,0.86145,11.360999999999999,14.236161250000002,False,-2.875161250000003
16,0.75,0.7,1.3,2.0,0.86145,11.360999999999999,16.236161250000002,False,-4.875161250000003
16,0.75,0.7,1.3,4.0,0.86145,11.360999999999999,18.236161250000002,False,-6.875161250000003
16,0.75,0.7,1.3,6.0,0.86145,11.360999999999999,20.236161250000002,False,-8.875161250000003
16,0.75,0.7,1.3,8.0,0.86145,11.360999999999999,22.236161250000002,False,-10.875161250000003
16,0.75,0.85,0.7,0.0,0.86145,13.7955,8.774179825000001,True,5.021320175
16,0.75,0.85,0.7,2.0,0.86145,13.7955,10.774179825000001,True,3.0213201749999996
16,0.75,0.85,0.7,4.0,0.86145,13.7955,12.774179825000001,True,1.0213201749999996
16,0.75,0.85,0.7,6.0,0.86145,13.7955,14.774179825000001,False,-0.9786798250000004
16,0.75,0.85,0.7,8.0,0.86145,13.7955,16.774179825,False,-2.9786798250000004
16,0.75,0.85,0.85,0.0,0.86145,13.7955,10.224000175,True,3.571499825
16,0.75,0.85,0.85,2.0,0.86145,13.7955,12.224000175,True,1.571499825
16,0.75,0.85,0.85,4.0,0.86145,13.7955,14.224000175,False,-0.4285001749999999
16,0.75,0.85,0.85,6.0,0.86145,13.7955,16.224000175,False,-2.428500175
16,0.75,0.85,0.85,8.0,0.86145,13.7955,18.224000175,False,-4.428500175
16,0.75,0.85,1.0,0.0,0.86145,13.7955,11.673820525,True,2.1216794750000005
16,0.75,0.85,1.0,2.0,0.86145,13.7955,13.673820525,True,0.12167947500000054
16,0.75,0.85,1.0,4.0,0.86145,13.7955,15.673820525,False,-1.8783205249999995
16,0.75,0.85,1.0,6.0,0.86145,13.7955,17.673820525,False,-3.8783205249999995
16,0.75,0.85,1.0,8.0,0.86145,13.7955,19.673820525,False,-5.8783205249999995
16,0.75,0.85,1.15,0.0,0.86145,13.7955,13.123640875,True,0.671859125000001
16,0.75,0.85,1.15,2.0,0.86145,13.7955,15.123640875,False,-1.328140874999999
16,0.75,0.85,1.15,4.0,0.86145,13.7955,17.123640875,False,-3.328140874999999
16,0.75,0.85,1.15,6.0,0.86145,13.7955,19.123640875,False,-5.328140874999999
16,0.75,0.85,1.15,8.0,0.86145,13.7955,21.123640875,False,-7.328140874999999
16,0.75,0.85,1.3,0.0,0.86145,13.7955,14.573461225000003,False,-0.7779612250000021
16,0.75,0.85,1.3,2.0,0.86145,13.7955,16.573461225000003,False,-2.777961225000002
16,0.75,0.85,1.3,4.0,0.86145,13.7955,18.573461225000003,False,-4.777961225000002
16,0.75,0.85,1.3,6.0,0.86145,13.7955,20.573461225000003,False,-6.777961225000002
16,0.75,0.85,1.3,8.0,0.86145,13.7955,22.573461225000003,False,-8.777961225000002
16,0.75,1.0,0.7,0.0,0.86145,16.23,9.1114798,True,7.118520200000001
16,0.75,1.0,0.7,2.0,0.86145,16.23,11.1114798,True,5.118520200000001
16,0.75,1.0,0.7,4.0,0.86145,16.23,13.1114798,True,3.1185202000000007
16,0.75,1.0,0.7,6.0,0.86145,16.23,15.1114798,True,1.1185202000000007
16,0.75,1.0,0.7,8.0,0.86145,16.23,17.111479799999998,False,-0.8814797999999975
16,0.75,1.0,0.85,0.0,0.86145,16.23,10.56130015,True,5.668699850000001
16,0.75,1.0,0.85,2.0,0.86145,16.23,12.56130015,True,3.668699850000001
16,0.75,1.0,0.85,4.0,0.86145,16.23,14.56130015,True,1.6686998500000012
16,0.75,1.0,0.85,6.0,0.86145,16.23,16.56130015,False,-0.33130015000000057
16,0.75,1.0,0.85,8.0,0.86145,16.23,18.56130015,False,-2.3313001500000006
16,0.75,1.0,1.0,0.0,0.86145,16.23,12.0111205,True,4.2188795
16,0.75,1.0,1.0,2.0,0.86145,16.23,14.0111205,True,2.2188795
16,0.75,1.0,1.0,4.0,0.86145,16.23,16.0111205,True,0.2188794999999999
16,0.75,1.0,1.0,6.0,0.86145,16.23,18.0111205,False,-1.7811205
16,0.75,1.0,1.0,8.0,0.86145,16.23,20.0111205,False,-3.7811205
16,0.75,1.0,1.15,0.0,0.86145,16.23,13.46094085,True,2.7690591500000004
16,0.75,1.0,1.15,2.0,0.86145,16.23,15.46094085,True,0.7690591500000004
16,0.75,1.0,1.15,4.0,0.86145,16.23,17.46094085,False,-1.2309408499999996
16,0.75,1.0,1.15,6.0,0.86145,16.23,19.46094085,False,-3.2309408499999996
16,0.75,1.0,1.15,8.0,0.86145,16.23,21.46094085,False,-5.23094085
16,0.75,1.0,1.3,0.0,0.86145,16.23,14.910761200000001,True,1.319238799999999
16,0.75,1.0,1.3,2.0,0.86145,16.23,16.910761200000003,False,-0.6807612000000027
16,0.75,1.0,1.3,4.0,0.86145,16.23,18.910761200000003,False,-2.6807612000000027
16,0.75,1.0,1.3,6.0,0.86145,16.23,20.910761200000003,False,-4.680761200000003
16,0.75,1.0,1.3,8.0,0.86145,16.23,22.910761200000003,False,-6.680761200000003
16,0.75,1.15,0.7,0.0,0.86145,18.6645,9.448779775,True,9.215720225
16,0.75,1.15,0.7,2.0,0.86145,18.6645,11.448779775,True,7.215720225
16,0.75,1.15,0.7,4.0,0.86145,18.6645,13.448779775,True,5.215720225
16,0.75,1.15,0.7,6.0,0.86145,18.6645,15.448779775,True,3.215720225
16,0.75,1.15,0.7,8.0,0.86145,18.6645,17.448779775,True,1.2157202250000019
16,0.75,1.15,0.85,0.0,0.86145,18.6645,10.898600125,True,7.765899875000001
16,0.75,1.15,0.85,2.0,0.86145,18.6645,12.898600125,True,5.765899875000001
16,0.75,1.15,0.85,4.0,0.86145,18.6645,14.898600125,True,3.7658998750000006
16,0.75,1.15,0.85,6.0,0.86145,18.6645,16.898600125,True,1.7658998749999988
16,0.75,1.15,0.85,8.0,0.86145,18.6645,18.898600125,False,-0.2341001250000012
16,0.75,1.15,1.0,0.0,0.86145,18.6645,12.348420475000001,True,6.316079524999999
16,0.75,1.15,1.0,2.0,0.86145,18.6645,14.348420475000001,True,4.316079524999999
16,0.75,1.15,1.0,4.0,0.86145,18.6645,16.348420475,True,2.3160795249999993
16,0.75,1.15,1.0,6.0,0.86145,18.6645,18.348420475,True,0.31607952499999925
16,0.75,1.15,1.0,8.0,0.86145,18.6645,20.348420475,False,-1.6839204750000007
16,0.75,1.15,1.15,0.0,0.86145,18.6645,13.798240825,True,4.866259175
16,0.75,1.15,1.15,2.0,0.86145,18.6645,15.798240825,True,2.8662591749999997
16,0.75,1.15,1.15,4.0,0.86145,18.6645,17.798240825,True,0.8662591749999997
16,0.75,1.15,1.15,6.0,0.86145,18.6645,19.798240825,False,-1.1337408250000003
16,0.75,1.15,1.15,8.0,0.86145,18.6645,21.798240825,False,-3.1337408250000003
16,0.75,1.15,1.3,0.0,0.86145,18.6645,15.248061175000002,True,3.4164388249999984
16,0.75,1.15,1.3,2.0,0.86145,18.6645,17.248061175000004,True,1.4164388249999966
16,0.75,1.15,1.3,4.0,0.86145,18.6645,19.248061175000004,False,-0.5835611750000034
16,0.75,1.15,1.3,6.0,0.86145,18.6645,21.248061175000004,False,-2.5835611750000034
16,0.75,1.15,1.3,8.0,0.86145,18.6645,23.248061175000004,False,-4.583561175000003
16,0.75,1.3,0.7,0.0,0.86145,21.099,9.786079749999999,True,11.312920250000001
16,0.75,1.3,0.7,2.0,0.86145,21.099,11.786079749999999,True,9.312920250000001
16,0.75,1.3,0.7,4.0,0.86145,21.099,13.786079749999999,True,7.312920250000001
16,0.75,1.3,0.7,6.0,0.86145,21.099,15.786079749999999,True,5.312920250000001
16,0.75,1.3,0.7,8.0,0.86145,21.099,17.78607975,True,3.3129202500000012
16,0.75,1.3,0.85,0.0,0.86145,21.099,11.235900099999999,True,9.863099900000002
16,0.75,1.3,0.85,2.0,0.86145,21.099,13.235900099999999,True,7.863099900000002
16,0.75,1.3,0.85,4.0,0.86145,21.099,15.235900099999999,True,5.863099900000002
16,0.75,1.3,0.85,6.0,0.86145,21.099,17.2359001,True,3.8630999000000017
16,0.75,1.3,0.85,8.0,0.86145,21.099,19.2359001,True,1.8630999000000017
16,0.75,1.3,1.0,0.0,0.86145,21.099,12.685720450000002,True,8.413279549999999
16,0.75,1.3,1.0,2.0,0.86145,21.099,14.685720450000002,True,6.413279549999999
16,0.75,1.3,1.0,4.0,0.86145,21.099,16.68572045,True,4.413279549999999
16,0.75,1.3,1.0,6.0,0.86145,21.099,18.68572045,True,2.4132795499999986
16,0.75,1.3,1.0,8.0,0.86145,21.099,20.68572045,True,0.4132795499999986
16,0.75,1.3,1.15,0.0,0.86145,21.099,14.135540800000001,True,6.963459199999999
16,0.75,1.3,1.15,2.0,0.86145,21.099,16.1355408,True,4.963459199999999
16,0.75,1.3,1.15,4.0,0.86145,21.099,18.1355408,True,2.963459199999999
16,0.75,1.3,1.15,6.0,0.86145,21.099,20.1355408,True,0.9634591999999991
16,0.75,1.3,1.15,8.0,0.86145,21.099,22.1355408,False,-1.036540800000001
16,0.75,1.3,1.3,0.0,0.86145,21.099,15.58536115,True,5.5136388499999995
16,0.75,1.3,1.3,2.0,0.86145,21.099,17.58536115,True,3.5136388499999995
16,0.75,1.3,1.3,4.0,0.86145,21.099,19.58536115,True,1.5136388499999995
16,0.75,1.3,1.3,6.0,0.86145,21.099,21.58536115,False,-0.48636115000000046
16,0.75,1.3,1.3,8.0,0.86145,21.099,23.58536115,False,-2.4863611500000005
16,1.0,0.7,0.7,0.0,0.7207833333333333,11.360999999999999,9.028664516666666,True,2.332335483333333
16,1.0,0.7,0.7,2.0,0.7207833333333333,11.360999999999999,11.028664516666666,True,0.33233548333333296
16,1.0,0.7,0.7,4.0,0.7207833333333333,11.360999999999999,13.028664516666666,False,-1.667664516666667
16,1.0,0.7,0.7,6.0,0.7207833333333333,11.360999999999999,15.028664516666666,False,-3.667664516666667
16,1.0,0.7,0.7,8.0,0.7207833333333333,11.360999999999999,17.028664516666666,False,-5.667664516666667
16,1.0,0.7,0.85,0.0,0.7207833333333333,11.360999999999999,10.241742866666666,True,1.119257133333333
16,1.0,0.7,0.85,2.0,0.7207833333333333,11.360999999999999,12.241742866666666,False,-0.880742866666667
16,1.0,0.7,0.85,4.0,0.7207833333333333,11.360999999999999,14.241742866666666,False,-2.880742866666667
16,1.0,0.7,0.85,6.0,0.7207833333333333,11.360999999999999,16.241742866666666,False,-4.880742866666667
16,1.0,0.7,0.85,8.0,0.7207833333333333,11.360999999999999,18.241742866666666,False,-6.880742866666667
16,1.0,0.7,1.0,0.0,0.7207833333333333,11.360999999999999,11.454821216666666,False,-0.09382121666666698
16,1.0,0.7,1.0,2.0,0.7207833333333333,11.360999999999999,13.454821216666666,False,-2.093821216666667
16,1.0,0.7,1.0,4.0,0.7207833333333333,11.360999999999999,15.454821216666666,False,-4.093821216666667
16,1.0,0.7,1.0,6.0,0.7207833333333333,11.360999999999999,17.454821216666666,False,-6.093821216666667
16,1.0,0.7,1.0,8.0,0.7207833333333333,11.360999999999999,19.454821216666666,False,-8.093821216666667
16,1.0,0.7,1.15,0.0,0.7207833333333333,11.360999999999999,12.667899566666666,False,-1.306899566666667
16,1.0,0.7,1.15,2.0,0.7207833333333333,11.360999999999999,14.667899566666666,False,-3.306899566666667
16,1.0,0.7,1.15,4.0,0.7207833333333333,11.360999999999999,16.667899566666666,False,-5.306899566666667
16,1.0,0.7,1.15,6.0,0.7207833333333333,11.360999999999999,18.667899566666666,False,-7.306899566666667
16,1.0,0.7,1.15,8.0,0.7207833333333333,11.360999999999999,20.667899566666666,False,-9.306899566666667
16,1.0,0.7,1.3,0.0,0.7207833333333333,11.360999999999999,13.88097791666667,False,-2.5199779166666705
16,1.0,0.7,1.3,2.0,0.7207833333333333,11.360999999999999,15.88097791666667,False,-4.5199779166666705
16,1.0,0.7,1.3,4.0,0.7207833333333333,11.360999999999999,17.88097791666667,False,-6.5199779166666705
16,1.0,0.7,1.3,6.0,0.7207833333333333,11.360999999999999,19.88097791666667,False,-8.51997791666667
16,1.0,0.7,1.3,8.0,0.7207833333333333,11.360999999999999,21.88097791666667,False,-10.51997791666667
16,1.0,0.85,0.7,0.0,0.7207833333333333,13.7955,9.708417491666667,True,4.087082508333333
16,1.0,0.85,0.7,2.0,0.7207833333333333,13.7955,11.708417491666667,True,2.0870825083333333
16,1.0,0.85,0.7,4.0,0.7207833333333333,13.7955,13.708417491666667,True,0.08708250833333331
16,1.0,0.85,0.7,6.0,0.7207833333333333,13.7955,15.708417491666667,False,-1.9129174916666667
16,1.0,0.85,0.7,8.0,0.7207833333333333,13.7955,17.708417491666665,False,-3.912917491666665
16,1.0,0.85,0.85,0.0,0.7207833333333333,13.7955,10.921495841666667,True,2.8740041583333333
16,1.0,0.85,0.85,2.0,0.7207833333333333,13.7955,12.921495841666667,True,0.8740041583333333
16,1.0,0.85,0.85,4.0,0.7207833333333333,13.7955,14.921495841666667,False,-1.1259958416666667
16,1.0,0.85,0.85,6.0,0.7207833333333333,13.7955,16.92149584166667,False,-3.1259958416666684
16,1.0,0.85,0.85,8.0,0.7207833333333333,13.7955,18.92149584166667,False,-5.125995841666668
16,1.0,0.85,1.0,0.0,0.7207833333333333,13.7955,12.134574191666667,True,1.6609258083333334
16,1.0,0.85,1.0,2.0,0.7207833333333333,13.7955,14.134574191666667,False,-0.33907419166666664
16,1.0,0.85,1.0,4.0,0.7207833333333333,13.7955,16.134574191666665,False,-2.339074191666665
16,1.0,0.85,1.0,6.0,0.7207833333333333,13.7955,18.134574191666665,False,-4.339074191666665
16,1.0,0.85,1.0,8.0,0.7207833333333333,13.7955,20.134574191666665,False,-6.339074191666665
16,1.0,0.85,1.15,0.0,0.7207833333333333,13.7955,13.347652541666667,True,0.4478474583333334
16,1.0,0.85,1.15,2.0,0.7207833333333333,13.7955,15.347652541666667,False,-1.5521525416666666
16,1.0,0.85,1.15,4.0,0.7207833333333333,13.7955,17.34765254166667,False,-3.5521525416666684
16,1.0,0.85,1.15,6.0,0.7207833333333333,13.7955,19.34765254166667,False,-5.552152541666668
16,1.0,0.85,1.15,8.0,0.7207833333333333,13.7955,21.34765254166667,False,-7.552152541666668
16,1.0,0.85,1.3,0.0,0.7207833333333333,13.7955,14.560730891666669,False,-0.7652308916666684
16,1.0,0.85,1.3,2.0,0.7207833333333333,13.7955,16.56073089166667,False,-2.7652308916666684
16,1.0,0.85,1.3,4.0,0.7207833333333333,13.7955,18.56073089166667,False,-4.765230891666668
16,1.0,0.85,1.3,6.0,0.7207833333333333,13.7955,20.56073089166667,False,-6.765230891666668
16,1.0,0.85,1.3,8.0,0.7207833333333333,13.7955,22.56073089166667,False,-8.765230891666668
16,1.0,1.0,0.7,0.0,0.7207833333333333,16.23,10.388170466666667,True,5.841829533333334
16,1.0,1.0,0.7,2.0,0.7207833333333333,16.23,12.388170466666667,True,3.8418295333333337
16,1.0,1.0,0.7,4.0,0.7207833333333333,16.23,14.388170466666667,True,1.8418295333333337
16,1.0,1.0,0.7,6.0,0.7207833333333333,16.23,16.388170466666665,False,-0.15817046666666457
16,1.0,1.0,0.7,8.0,0.7207833333333333,16.23,18.388170466666665,False,-2.1581704666666646
16,1.0,1.0,0.85,0.0,0.7207833333333333,16.23,11.601248816666667,True,4.628751183333334
16,1.0,1.0,0.85,2.0,0.7207833333333333,16.23,13.601248816666667,True,2.6287511833333337
16,1.0,1.0,0.85,4.0,0.7207833333333333,16.23,15.601248816666667,True,0.6287511833333337
16,1.0,1.0,0.85,6.0,0.7207833333333333,16.23,17.60124881666667,False,-1.371248816666668
16,1.0,1.0,0.85,8.0,0.7207833333333333,16.23,19.60124881666667,False,-3.371248816666668
16,1.0,1.0,1.0,0.0,0.7207833333333333,16.23,12.814327166666667,True,3.4156728333333337
16,1.0,1.0,1.0,2.0,0.7207833333333333,16.23,14.814327166666667,True,1.4156728333333337
16,1.0,1.0,1.0,4.0,0.7207833333333333,16.23,16.814327166666665,False,-0.5843271666666645
16,1.0,1.0,1.0,6.0,0.7207833333333333,16.23,18.814327166666665,False,-2.5843271666666645
16,1.0,1.0,1.0,8.0,0.7207833333333333,16.23,20.814327166666665,False,-4.5843271666666645
16,1.0,1.0,1.15,0.0,0.7207833333333333,16.23,14.027405516666667,True,2.2025944833333337
16,1.0,1.0,1.15,2.0,0.7207833333333333,16.23,16.02740551666667,True,0.20259448333333197
16,1.0,1.0,1.15,4.0,0.7207833333333333,16.23,18.02740551666667,False,-1.797405516666668
16,1.0,1.0,1.15,6.0,0.7207833333333333,16.23,20.02740551666667,False,-3.797405516666668
16,1.0,1.0,1.15,8.0,0.7207833333333333,16.23,22.02740551666667,False,-5.797405516666668
16,1.0,1.0,1.3,0.0,0.7207833333333333,16.23,15.240483866666668,True,0.989516133333332
16,1.0,1.0,1.3,2.0,0.7207833333333333,16.23,17.24048386666667,False,-1.010483866666668
16,1.0,1.0,1.3,4.0,0.7207833333333333,16.23,19.24048386666667,False,-3.010483866666668
16,1.0,1.0,1.3,6.0,0.7207833333333333,16.23,21.24048386666667,False,-5.010483866666668
16,1.0,1.0,1.3,8.0,0.7207833333333333,16.23,23.24048386666667,False,-7.010483866666668
16,1.0,1.15,0.7,0.0,0.7207833333333333,18.6645,11.067923441666668,True,7.596576558333332
16,1.0,1.15,0.7,2.0,0.7207833333333333,18.6645,13.067923441666668,True,5.596576558333332
16,1.0,1.15,0.7,4.0,0.7207833333333333,18.6645,15.067923441666668,True,3.5965765583333322
16,1.0,1.15,0.7,6.0,0.7207833333333333,18.6645,17.067923441666668,True,1.5965765583333322
16,1.0,1.15,0.7,8.0,0.7207833333333333,18.6645,19.067923441666668,False,-0.40342344166666777
16,1.0,1.15,0.85,0.0,0.7207833333333333,18.6645,12.281001791666668,True,6.383498208333332
16,1.0,1.15,0.85,2.0,0.7207833333333333,18.6645,14.281001791666668,True,4.383498208333332
16,1.0,1.15,0.85,4.0,0.7207833333333333,18.6645,16.281001791666668,True,2.3834982083333323
16,1.0,1.15,0.85,6.0,0.7207833333333333,18.6645,18.281001791666668,True,0.38349820833333226
16,1.0,1.15,0.85,8.0,0.7207833333333333,18.6645,20.281001791666668,False,-1.6165017916666677
16,1.0,1.15,1.0,0.0,0.7207833333333333,18.6645,13.494080141666668,True,5.170419858333332
16,1.0,1.15,1.0,2.0,0.7207833333333333,18.6645,15.494080141666668,True,3.1704198583333323
16,1.0,1.15,1.0,4.0,0.7207833333333333,18.6645,17.494080141666668,True,1.1704198583333323
16,1.0,1.15,1.0,6.0,0.7207833333333333,18.6645,19.494080141666668,False,-0.8295801416666677
16,1.0,1.15,1.0,8.0,0.7207833333333333,18.6645,21.494080141666668,False,-2.8295801416666677
16,1.0,1.15,1.15,0.0,0.7207833333333333,18.6645,14.707158491666668,True,3.9573415083333323
16,1.0,1.15,1.15,2.0,0.7207833333333333,18.6645,16.707158491666668,True,1.9573415083333323
16,1.0,1.15,1.15,4.0,0.7207833333333333,18.6645,18.707158491666668,False,-0.042658491666667686
16,1.0,1.15,1.15,6.0,0.7207833333333333,18.6645,20.707158491666668,False,-2.0426584916666677
16,1.0,1.15,1.15,8.0,0.7207833333333333,18.6645,22.707158491666668,False,-4.042658491666668
16,1.0,1.15,1.3,0.0,0.7207833333333333,18.6645,15.920236841666668,True,2.7442631583333323
16,1.0,1.15,1.3,2.0,0.7207833333333333,18.6645,17.920236841666668,True,0.7442631583333323
16,1.0,1.15,1.3,4.0,0.7207833333333333,18.6645,19.920236841666668,False,-1.2557368416666677
16,1.0,1.15,1.3,6.0,0.7207833333333333,18.6645,21.920236841666668,False,-3.2557368416666677
16,1.0,1.15,1.3,8.0,0.7207833333333333,18.6645,23.920236841666668,False,-5.255736841666668
16,1.0,1.3,0.7,0.0,0.7207833333333333,21.099,11.747676416666668,True,9.351323583333333
16,1.0,1.3,0.7,2.0,0.7207833333333333,21.099,13.747676416666668,True,7.351323583333333
16,1.0,1.3,0.7,4.0,0.7207833333333333,21.099,15.747676416666668,True,5.351323583333333
16,1.0,1.3,0.7,6.0,0.7207833333333333,21.099,17.747676416666668,True,3.3513235833333326
16,1.0,1.3,0.7,8.0,0.7207833333333333,21.099,19.747676416666668,True,1.3513235833333326
16,1.0,1.3,0.85,0.0,0.7207833333333333,21.099,12.960754766666668,True,8.138245233333333
16,1.0,1.3,0.85,2.0,0.7207833333333333,21.099,14.960754766666668,True,6.138245233333333
16,1.0,1.3,0.85,4.0,0.7207833333333333,21.099,16.960754766666668,True,4.138245233333333
16,1.0,1.3,0.85,6.0,0.7207833333333333,21.099,18.960754766666668,True,2.1382452333333326
16,1.0,1.3,0.85,8.0,0.7207833333333333,21.099,20.960754766666668,True,0.1382452333333326
16,1.0,1.3,1.0,0.0,0.7207833333333333,21.099,14.173833116666668,True,6.925166883333333
16,1.0,1.3,1.0,2.0,0.7207833333333333,21.099,16.173833116666668,True,4.925166883333333
16,1.0,1.3,1.0,4.0,0.7207833333333333,21.099,18.173833116666668,True,2.9251668833333326
16,1.0,1.3,1.0,6.0,0.7207833333333333,21.099,20.173833116666668,True,0.9251668833333326
16,1.0,1.3,1.0,8.0,0.7207833333333333,21.099,22.173833116666668,False,-1.0748331166666674
16,1.0,1.3,1.15,0.0,0.7207833333333333,21.099,15.386911466666668,True,5.712088533333333
16,1.0,1.3,1.15,2.0,0.7207833333333333,21.099,17.386911466666668,True,3.7120885333333327
16,1.0,1.3,1.15,4.0,0.7207833333333333,21.099,19.386911466666668,True,1.7120885333333327
16,1.0,1.3,1.15,6.0,0.7207833333333333,21.099,21.386911466666668,False,-0.28791146666666734
16,1.0,1.3,1.15,8.0,0.7207833333333333,21.099,23.386911466666668,False,-2.2879114666666673
16,1.0,1.3,1.3,0.0,0.7207833333333333,21.099,16.599989816666668,True,4.499010183333333
16,1.0,1.3,1.3,2.0,0.7207833333333333,21.099,18.599989816666668,True,2.4990101833333327
16,1.0,1.3,1.3,4.0,0.7207833333333333,21.099,20.599989816666668,True,0.4990101833333327
16,1.0,1.3,1.3,6.0,0.7207833333333333,21.099,22.599989816666668,False,-1.5009898166666673
16,1.0,1.3,1.3,8.0,0.7207833333333333,21.099,24.599989816666668,False,-3.5009898166666673
16,1.25,0.7,0.7,0.0,0.27526666666666666,11.360999999999999,10.902953133333332,True,0.45804686666666683
16,1.25,0.7,0.7,2.0,0.27526666666666666,11.360999999999999,12.902953133333332,False,-1.5419531333333332
16,1.25,0.7,0.7,4.0,0.27526666666666666,11.360999999999999,14.902953133333332,False,-3.541953133333333
16,1.25,0.7,0.7,6.0,0.27526666666666666,11.360999999999999,16.902953133333334,False,-5.541953133333335
16,1.25,0.7,0.7,8.0,0.27526666666666666,11.360999999999999,18.902953133333334,False,-7.541953133333335
16,1.25,0.7,0.85,0.0,0.27526666666666666,11.360999999999999,11.366226933333333,False,-0.005226933333334571
16,1.25,0.7,0.85,2.0,0.27526666666666666,11.360999999999999,13.366226933333333,False,-2.0052269333333346
16,1.25,0.7,0.85,4.0,0.27526666666666666,11.360999999999999,15.366226933333333,False,-4.005226933333335
16,1.25,0.7,0.85,6.0,0.27526666666666666,11.360999999999999,17.366226933333333,False,-6.005226933333335
16,1.25,0.7,0.85,8.0,0.27526666666666666,11.360999999999999,19.366226933333333,False,-8.005226933333335
16,1.25,0.7,1.0,0.0,0.27526666666666666,11.360999999999999,11.829500733333333,False,-0.4685007333333342
16,1.25,0.7,1.0,2.0,0.27526666666666666,11.360999999999999,13.829500733333333,False,-2.468500733333334
16,1.25,0.7,1.0,4.0,0.27526666666666666,11.360999999999999,15.829500733333333,False,-4.468500733333334
16,1.25,0.7,1.0,6.0,0.27526666666666666,11.360999999999999,17.829500733333333,False,-6.468500733333334
16,1.25,0.7,1.0,8.0,0.27526666666666666,11.360999999999999,19.829500733333333,False,-8.468500733333334
16,1.25,0.7,1.15,0.0,0.27526666666666666,11.360999999999999,12.292774533333333,False,-0.9317745333333338
16,1.25,0.7,1.15,2.0,0.27526666666666666,11.360999999999999,14.292774533333333,False,-2.931774533333334
16,1.25,0.7,1.15,4.0,0.27526666666666666,11.360999999999999,16.292774533333333,False,-4.931774533333334
16,1.25,0.7,1.15,6.0,0.27526666666666666,11.360999999999999,18.292774533333333,False,-6.931774533333334
16,1.25,0.7,1.15,8.0,0.27526666666666666,11.360999999999999,20.292774533333333,False,-8.931774533333334
16,1.25,0.7,1.3,0.0,0.27526666666666666,11.360999999999999,12.756048333333332,False,-1.3950483333333334
16,1.25,0.7,1.3,2.0,0.27526666666666666,11.360999999999999,14.756048333333332,False,-3.3950483333333334
16,1.25,0.7,1.3,4.0,0.27526666666666666,11.360999999999999,16.756048333333332,False,-5.3950483333333334
16,1.25,0.7,1.3,6.0,0.27526666666666666,11.360999999999999,18.756048333333332,False,-7.3950483333333334
16,1.25,0.7,1.3,8.0,0.27526666666666666,11.360999999999999,20.756048333333332,False,-9.395048333333333
16,1.25,0.85,0.7,0.0,0.27526666666666666,13.7955,12.667316433333333,True,1.1281835666666673
16,1.25,0.85,0.7,2.0,0.27526666666666666,13.7955,14.667316433333333,False,-0.8718164333333327
16,1.25,0.85,0.7,4.0,0.27526666666666666,13.7955,16.667316433333333,False,-2.8718164333333327
16,1.25,0.85,0.7,6.0,0.27526666666666666,13.7955,18.667316433333333,False,-4.871816433333333
16,1.25,0.85,0.7,8.0,0.27526666666666666,13.7955,20.667316433333333,False,-6.871816433333333
16,1.25,0.85,0.85,0.0,0.27526666666666666,13.7955,13.130590233333333,True,0.6649097666666677
16,1.25,0.85,0.85,2.0,0.27526666666666666,13.7955,15.130590233333333,False,-1.3350902333333323
16,1.25,0.85,0.85,4.0,0.27526666666666666,13.7955,17.130590233333333,False,-3.3350902333333323
16,1.25,0.85,0.85,6.0,0.27526666666666666,13.7955,19.130590233333333,False,-5.335090233333332
16,1.25,0.85,0.85,8.0,0.27526666666666666,13.7955,21.130590233333333,False,-7.335090233333332
16,1.25,0.85,1.0,0.0,0.27526666666666666,13.7955,13.593864033333334,True,0.20163596666666628
16,1.25,0.85,1.0,2.0,0.27526666666666666,13.7955,15.593864033333334,False,-1.7983640333333337
16,1.25,0.85,1.0,4.0,0.27526666666666666,13.7955,17.593864033333332,False,-3.798364033333332
16,1.25,0.85,1.0,6.0,0.27526666666666666,13.7955,19.593864033333332,False,-5.798364033333332
16,1.25,0.85,1.0,8.0,0.27526666666666666,13.7955,21.593864033333332,False,-7.798364033333332
16,1.25,0.85,1.15,0.0,0.27526666666666666,13.7955,14.057137833333334,False,-0.26163783333333335
16,1.25,0.85,1.15,2.0,0.27526666666666666,13.7955,16.057137833333336,False,-2.261637833333335
16,1.25,0.85,1.15,4.0,0.27526666666666666,13.7955,18.057137833333336,False,-4.261637833333335
16,1.25,0.85,1.15,6.0,0.27526666666666666,13.7955,20.057137833333336,False,-6.261637833333335
16,1.25,0.85,1.15,8.0,0.27526666666666666,13.7955,22.057137833333336,False,-8.261637833333335
16,1.25,0.85,1.3,0.0,0.27526666666666666,13.7955,14.520411633333335,False,-0.7249116333333347
16,1.25,0.85,1.3,2.0,0.27526666666666666,13.7955,16.520411633333335,False,-2.7249116333333347
16,1.25,0.85,1.3,4.0,0.27526666666666666,13.7955,18.520411633333335,False,-4.724911633333335
16,1.25,0.85,1.3,6.0,0.27526666666666666,13.7955,20.520411633333335,False,-6.724911633333335
16,1.25,0.85,1.3,8.0,0.27526666666666666,13.7955,22.520411633333335,False,-8.724911633333335
16,1.25,1.0,0.7,0.0,0.27526666666666666,16.23,14.431679733333333,True,1.7983202666666678
16,1.25,1.0,0.7,2.0,0.27526666666666666,16.23,16.431679733333333,False,-0.20167973333333222
16,1.25,1.0,0.7,4.0,0.27526666666666666,16.23,18.431679733333333,False,-2.2016797333333322
16,1.25,1.0,0.7,6.0,0.27526666666666666,16.23,20.431679733333333,False,-4.201679733333332
16,1.25,1.0,0.7,8.0,0.27526666666666666,16.23,22.431679733333333,False,-6.201679733333332
16,1.25,1.0,0.85,0.0,0.27526666666666666,16.23,14.894953533333332,True,1.3350464666666682
16,1.25,1.0,0.85,2.0,0.27526666666666666,16.23,16.894953533333332,False,-0.6649535333333318
16,1.25,1.0,0.85,4.0,0.27526666666666666,16.23,18.894953533333332,False,-2.664953533333332
16,1.25,1.0,0.85,6.0,0.27526666666666666,16.23,20.894953533333332,False,-4.664953533333332
16,1.25,1.0,0.85,8.0,0.27526666666666666,16.23,22.894953533333332,False,-6.664953533333332
16,1.25,1.0,1.0,0.0,0.27526666666666666,16.23,15.358227333333334,True,0.8717726666666668
16,1.25,1.0,1.0,2.0,0.27526666666666666,16.23,17.358227333333332,False,-1.1282273333333315
16,1.25,1.0,1.0,4.0,0.27526666666666666,16.23,19.358227333333332,False,-3.1282273333333315
16,1.25,1.0,1.0,6.0,0.27526666666666666,16.23,21.358227333333332,False,-5.1282273333333315
16,1.25,1.0,1.0,8.0,0.27526666666666666,16.23,23.358227333333332,False,-7.1282273333333315
16,1.25,1.0,1.15,0.0,0.27526666666666666,16.23,15.821501133333333,True,0.4084988666666671
16,1.25,1.0,1.15,2.0,0.27526666666666666,16.23,17.821501133333335,False,-1.5915011333333346
16,1.25,1.0,1.15,4.0,0.27526666666666666,16.23,19.821501133333335,False,-3.5915011333333346
16,1.25,1.0,1.15,6.0,0.27526666666666666,16.23,21.821501133333335,False,-5.591501133333335
16,1.25,1.0,1.15,8.0,0.27526666666666666,16.23,23.821501133333335,False,-7.591501133333335
16,1.25,1.0,1.3,0.0,0.27526666666666666,16.23,16.284774933333335,False,-0.054774933333334275
16,1.25,1.0,1.3,2.0,0.27526666666666666,16.23,18.284774933333335,False,-2.0547749333333343
16,1.25,1.0,1.3,4.0,0.27526666666666666,16.23,20.284774933333335,False,-4.054774933333334
16,1.25,1.0,1.3,6.0,0.27526666666666666,16.23,22.284774933333335,False,-6.054774933333334
16,1.25,1.0,1.3,8.0,0.27526666666666666,16.23,24.284774933333335,False,-8.054774933333334
16,1.25,1.15,0.7,0.0,0.27526666666666666,18.6645,16.196043033333332,True,2.4684569666666683
16,1.25,1.15,0.7,2.0,0.27526666666666666,18.6645,18.196043033333332,True,0.46845696666666825
16,1.25,1.15,0.7,4.0,0.27526666666666666,18.6645,20.196043033333332,False,-1.5315430333333317
16,1.25,1.15,0.7,6.0,0.27526666666666666,18.6645,22.196043033333332,False,-3.5315430333333317
16,1.25,1.15,0.7,8.0,0.27526666666666666,18.6645,24.196043033333332,False,-5.531543033333332
16,1.25,1.15,0.85,0.0,0.27526666666666666,18.6645,16.65931683333333,True,2.0051831666666686
16,1.25,1.15,0.85,2.0,0.27526666666666666,18.6645,18.65931683333333,True,0.005183166666668626
16,1.25,1.15,0.85,4.0,0.27526666666666666,18.6645,20.65931683333333,False,-1.9948168333333314
16,1.25,1.15,0.85,6.0,0.27526666666666666,18.6645,22.65931683333333,False,-3.9948168333333314
16,1.25,1.15,0.85,8.0,0.27526666666666666,18.6645,24.65931683333333,False,-5.994816833333331
16,1.25,1.15,1.0,0.0,0.27526666666666666,18.6645,17.12259063333333,True,1.541909366666669
16,1.25,1.15,1.0,2.0,0.27526666666666666,18.6645,19.12259063333333,False,-0.458090633333331
16,1.25,1.15,1.0,4.0,0.27526666666666666,18.6645,21.12259063333333,False,-2.458090633333331
16,1.25,1.15,1.0,6.0,0.27526666666666666,18.6645,23.12259063333333,False,-4.458090633333331
16,1.25,1.15,1.0,8.0,0.27526666666666666,18.6645,25.12259063333333,False,-6.458090633333331
16,1.25,1.15,1.15,0.0,0.27526666666666666,18.6645,17.585864433333334,True,1.0786355666666658
16,1.25,1.15,1.15,2.0,0.27526666666666666,18.6645,19.585864433333334,False,-0.9213644333333342
16,1.25,1.15,1.15,4.0,0.27526666666666666,18.6645,21.585864433333334,False,-2.921364433333334
16,1.25,1.15,1.15,6.0,0.27526666666666666,18.6645,23.585864433333334,False,-4.921364433333334
16,1.25,1.15,1.15,8.0,0.27526666666666666,18.6645,25.585864433333334,False,-6.921364433333334
16,1.25,1.15,1.3,0.0,0.27526666666666666,18.6645,18.049138233333334,True,0.6153617666666662
16,1.25,1.15,1.3,2.0,0.27526666666666666,18.6645,20.049138233333334,False,-1.3846382333333338
16,1.25,1.15,1.3,4.0,0.27526666666666666,18.6645,22.049138233333334,False,-3.384638233333334
16,1.25,1.15,1.3,6.0,0.27526666666666666,18.6645,24.049138233333334,False,-5.384638233333334
16,1.25,1.15,1.3,8.0,0.27526666666666666,18.6645,26.049138233333334,False,-7.384638233333334
16,1.25,1.3,0.7,0.0,0.27526666666666666,21.099,17.960406333333335,True,3.138593666666665
16,1.25,1.3,0.7,2.0,0.27526666666666666,21.099,19.960406333333335,True,1.1385936666666652
16,1.25,1.3,0.7,4.0,0.27526666666666666,21.099,21.960406333333335,False,-0.8614063333333348
16,1.25,1.3,0.7,6.0,0.27526666666666666,21.099,23.960406333333335,False,-2.861406333333335
16,1.25,1.3,0.7,8.0,0.27526666666666666,21.099,25.960406333333335,False,-4.861406333333335
16,1.25,1.3,0.85,0.0,0.27526666666666666,21.099,18.423680133333335,True,2.6753198666666655
16,1.25,1.3,0.85,2.0,0.27526666666666666,21.099,20.423680133333335,True,0.6753198666666655
16,1.25,1.3,0.85,4.0,0.27526666666666666,21.099,22.423680133333335,False,-1.3246801333333345
16,1.25,1.3,0.85,6.0,0.27526666666666666,21.099,24.423680133333335,False,-3.3246801333333345
16,1.25,1.3,0.85,8.0,0.27526666666666666,21.099,26.423680133333335,False,-5.3246801333333345
16,1.25,1.3,1.0,0.0,0.27526666666666666,21.099,18.886953933333334,True,2.212046066666666
16,1.25,1.3,1.0,2.0,0.27526666666666666,21.099,20.886953933333334,True,0.21204606666666592
16,1.25,1.3,1.0,4.0,0.27526666666666666,21.099,22.886953933333334,False,-1.787953933333334
16,1.25,1.3,1.0,6.0,0.27526666666666666,21.099,24.886953933333334,False,-3.787953933333334
16,1.25,1.3,1.0,8.0,0.27526666666666666,21.099,26.886953933333334,False,-5.787953933333334
16,1.25,1.3,1.15,0.0,0.27526666666666666,21.099,19.350227733333334,True,1.7487722666666663
16,1.25,1.3,1.15,2.0,0.27526666666666666,21.099,21.350227733333334,False,-0.2512277333333337
16,1.25,1.3,1.15,4.0,0.27526666666666666,21.099,23.350227733333334,False,-2.2512277333333337
16,1.25,1.3,1.15,6.0,0.27526666666666666,21.099,25.350227733333334,False,-4.251227733333334
16,1.25,1.3,1.15,8.0,0.27526666666666666,21.099,27.350227733333334,False,-6.251227733333334
16,1.25,1.3,1.3,0.0,0.27526666666666666,21.099,19.813501533333334,True,1.2854984666666667
16,1.25,1.3,1.3,2.0,0.27526666666666666,21.099,21.813501533333334,False,-0.7145015333333333
16,1.25,1.3,1.3,4.0,0.27526666666666666,21.099,23.813501533333334,False,-2.7145015333333333
16,1.25,1.3,1.3,6.0,0.27526666666666666,21.099,25.813501533333334,False,-4.714501533333333
16,1.25,1.3,1.3,8.0,0.27526666666666666,21.099,27.813501533333334,False,-6.714501533333333
16,1.5,0.7,0.7,0.0,0.027466666666666667,11.360999999999999,11.945447733333332,False,-0.5844477333333327
16,1.5,0.7,0.7,2.0,0.027466666666666667,11.360999999999999,13.945447733333332,False,-2.5844477333333327
16,1.5,0.7,0.7,4.0,0.027466666666666667,11.360999999999999,15.945447733333332,False,-4.584447733333333
16,1.5,0.7,0.7,6.0,0.027466666666666667,11.360999999999999,17.94544773333333,False,-6.584447733333333
16,1.5,0.7,0.7,8.0,0.027466666666666667,11.360999999999999,19.94544773333333,False,-8.584447733333333
16,1.5,0.7,0.85,0.0,0.027466666666666667,11.360999999999999,11.991674133333332,False,-0.6306741333333328
16,1.5,0.7,0.85,2.0,0.027466666666666667,11.360999999999999,13.991674133333332,False,-2.6306741333333328
16,1.5,0.7,0.85,4.0,0.027466666666666667,11.360999999999999,15.991674133333332,False,-4.630674133333333
16,1.5,0.7,0.85,6.0,0.027466666666666667,11.360999999999999,17.991674133333333,False,-6.6306741333333346
16,1.5,0.7,0.85,8.0,0.027466666666666667,11.360999999999999,19.991674133333333,False,-8.630674133333335
16,1.5,0.7,1.0,0.0,0.027466666666666667,11.360999999999999,12.037900533333332,False,-0.6769005333333329
16,1.5,0.7,1.0,2.0,0.027466666666666667,11.360999999999999,14.037900533333332,False,-2.676900533333333
16,1.5,0.7,1.0,4.0,0.027466666666666667,11.360999999999999,16.03790053333333,False,-4.676900533333333
16,1.5,0.7,1.0,6.0,0.027466666666666667,11.360999999999999,18.03790053333333,False,-6.676900533333333
16,1.5,0.7,1.0,8.0,0.027466666666666667,11.360999999999999,20.03790053333333,False,-8.676900533333333
16,1.5,0.7,1.15,0.0,0.027466666666666667,11.360999999999999,12.084126933333332,False,-0.723126933333333
16,1.5,0.7,1.15,2.0,0.027466666666666667,11.360999999999999,14.084126933333332,False,-2.723126933333333
16,1.5,0.7,1.15,4.0,0.027466666666666667,11.360999999999999,16.08412693333333,False,-4.723126933333331
16,1.5,0.7,1.15,6.0,0.027466666666666667,11.360999999999999,18.08412693333333,False,-6.723126933333331
16,1.5,0.7,1.15,8.0,0.027466666666666667,11.360999999999999,20.08412693333333,False,-8.723126933333331
16,1.5,0.7,1.3,0.0,0.027466666666666667,11.360999999999999,12.130353333333332,False,-0.7693533333333331
16,1.5,0.7,1.3,2.0,0.027466666666666667,11.360999999999999,14.130353333333332,False,-2.769353333333333
16,1.5,0.7,1.3,4.0,0.027466666666666667,11.360999999999999,16.130353333333332,False,-4.769353333333333
16,1.5,0.7,1.3,6.0,0.027466666666666667,11.360999999999999,18.130353333333332,False,-6.769353333333333
16,1.5,0.7,1.3,8.0,0.027466666666666667,11.360999999999999,20.130353333333332,False,-8.769353333333333
16,1.5,0.85,0.7,0.0,0.027466666666666667,13.7955,14.313080133333333,False,-0.5175801333333325
16,1.5,0.85,0.7,2.0,0.027466666666666667,13.7955,16.313080133333333,False,-2.5175801333333325
16,1.5,0.85,0.7,4.0,0.027466666666666667,13.7955,18.313080133333333,False,-4.5175801333333325
16,1.5,0.85,0.7,6.0,0.027466666666666667,13.7955,20.313080133333333,False,-6.5175801333333325
16,1.5,0.85,0.7,8.0,0.027466666666666667,13.7955,22.313080133333333,False,-8.517580133333333
16,1.5,0.85,0.85,0.0,0.027466666666666667,13.7955,14.359306533333333,False,-0.5638065333333326
16,1.5,0.85,0.85,2.0,0.027466666666666667,13.7955,16.35930653333333,False,-2.563806533333331
16,1.5,0.85,0.85,4.0,0.027466666666666667,13.7955,18.35930653333333,False,-4.563806533333331
16,1.5,0.85,0.85,6.0,0.027466666666666667,13.7955,20.35930653333333,False,-6.563806533333331
16,1.5,0.85,0.85,8.0,0.027466666666666667,13.7955,22.35930653333333,False,-8.56380653333333
16,1.5,0.85,1.0,0.0,0.027466666666666667,13.7955,14.405532933333333,False,-0.6100329333333327
16,1.5,0.85,1.0,2.0,0.027466666666666667,13.7955,16.405532933333333,False,-2.6100329333333327
16,1.5,0.85,1.0,4.0,0.027466666666666667,13.7955,18.405532933333333,False,-4.610032933333333
16,1.5,0.85,1.0,6.0,0.027466666666666667,13.7955,20.405532933333333,False,-6.610032933333333
16,1.5,0.85,1.0,8.0,0.027466666666666667,13.7955,22.405532933333333,False,-8.610032933333333
16,1.5,0.85,1.15,0.0,0.027466666666666667,13.7955,14.451759333333333,False,-0.6562593333333329
16,1.5,0.85,1.15,2.0,0.027466666666666667,13.7955,16.451759333333335,False,-2.6562593333333346
16,1.5,0.85,1.15,4.0,0.027466666666666667,13.7955,18.451759333333335,False,-4.656259333333335
16,1.5,0.85,1.15,6.0,0.027466666666666667,13.7955,20.451759333333335,False,-6.656259333333335
16,1.5,0.85,1.15,8.0,0.027466666666666667,13.7955,22.451759333333335,False,-8.656259333333335
16,1.5,0.85,1.3,0.0,0.027466666666666667,13.7955,14.497985733333334,False,-0.702485733333333
16,1.5,0.85,1.3,2.0,0.027466666666666667,13.7955,16.497985733333334,False,-2.702485733333333
16,1.5,0.85,1.3,4.0,0.027466666666666667,13.7955,18.497985733333334,False,-4.702485733333333
16,1.5,0.85,1.3,6.0,0.027466666666666667,13.7955,20.497985733333334,False,-6.702485733333333
16,1.5,0.85,1.3,8.0,0.027466666666666667,13.7955,22.497985733333334,False,-8.702485733333333
16,1.5,1.0,0.7,0.0,0.027466666666666667,16.23,16.680712533333335,False,-0.45071253333333416
16,1.5,1.0,0.7,2.0,0.027466666666666667,16.23,18.680712533333335,False,-2.450712533333334
16,1.5,1.0,0.7,4.0,0.027466666666666667,16.23,20.680712533333335,False,-4.450712533333334
16,1.5,1.0,0.7,6.0,0.027466666666666667,16.23,22.680712533333335,False,-6.450712533333334
16,1.5,1.0,0.7,8.0,0.027466666666666667,16.23,24.680712533333335,False,-8.450712533333334
16,1.5,1.0,0.85,0.0,0.027466666666666667,16.23,16.726938933333336,False,-0.49693893333333605
16,1.5,1.0,0.85,2.0,0.027466666666666667,16.23,18.726938933333336,False,-2.496938933333336
16,1.5,1.0,0.85,4.0,0.027466666666666667,16.23,20.726938933333336,False,-4.496938933333336
16,1.5,1.0,0.85,6.0,0.027466666666666667,16.23,22.726938933333336,False,-6.496938933333336
16,1.5,1.0,0.85,8.0,0.027466666666666667,16.23,24.726938933333336,False,-8.496938933333336
16,1.5,1.0,1.0,0.0,0.027466666666666667,16.23,16.773165333333335,False,-0.5431653333333344
16,1.5,1.0,1.0,2.0,0.027466666666666667,16.23,18.773165333333335,False,-2.5431653333333344
16,1.5,1.0,1.0,4.0,0.027466666666666667,16.23,20.773165333333335,False,-4.543165333333334
16,1.5,1.0,1.0,6.0,0.027466666666666667,16.23,22.773165333333335,False,-6.543165333333334
16,1.5,1.0,1.0,8.0,0.027466666666666667,16.23,24.773165333333335,False,-8.543165333333334
16,1.5,1.0,1.15,0.0,0.027466666666666667,16.23,16.819391733333337,False,-0.5893917333333363
16,1.5,1.0,1.15,2.0,0.027466666666666667,16.23,18.819391733333337,False,-2.5893917333333363
16,1.5,1.0,1.15,4.0,0.027466666666666667,16.23,20.819391733333337,False,-4.589391733333336
16,1.5,1.0,1.15,6.0,0.027466666666666667,16.23,22.819391733333337,False,-6.589391733333336
16,1.5,1.0,1.15,8.0,0.027466666666666667,16.23,24.819391733333337,False,-8.589391733333336
16,1.5,1.0,1.3,0.0,0.027466666666666667,16.23,16.865618133333335,False,-0.6356181333333346
16,1.5,1.0,1.3,2.0,0.027466666666666667,16.23,18.865618133333335,False,-2.6356181333333346
16,1.5,1.0,1.3,4.0,0.027466666666666667,16.23,20.865618133333335,False,-4.635618133333335
16,1.5,1.0,1.3,6.0,0.027466666666666667,16.23,22.865618133333335,False,-6.635618133333335
16,1.5,1.0,1.3,8.0,0.027466666666666667,16.23,24.865618133333335,False,-8.635618133333335
16,1.5,1.15,0.7,0.0,0.027466666666666667,18.6645,19.048344933333333,False,-0.38384493333333225
16,1.5,1.15,0.7,2.0,0.027466666666666667,18.6645,21.048344933333333,False,-2.3838449333333322
16,1.5,1.15,0.7,4.0,0.027466666666666667,18.6645,23.048344933333333,False,-4.383844933333332
16,1.5,1.15,0.7,6.0,0.027466666666666667,18.6645,25.048344933333333,False,-6.383844933333332
16,1.5,1.15,0.7,8.0,0.027466666666666667,18.6645,27.048344933333333,False,-8.383844933333332
16,1.5,1.15,0.85,0.0,0.027466666666666667,18.6645,19.094571333333334,False,-0.43007133333333414
16,1.5,1.15,0.85,2.0,0.027466666666666667,18.6645,21.094571333333334,False,-2.430071333333334
16,1.5,1.15,0.85,4.0,0.027466666666666667,18.6645,23.094571333333334,False,-4.430071333333334
16,1.5,1.15,0.85,6.0,0.027466666666666667,18.6645,25.094571333333334,False,-6.430071333333334
16,1.5,1.15,0.85,8.0,0.027466666666666667,18.6645,27.094571333333334,False,-8.430071333333334
16,1.5,1.15,1.0,0.0,0.027466666666666667,18.6645,19.140797733333333,False,-0.4762977333333325
16,1.5,1.15,1.0,2.0,0.027466666666666667,18.6645,21.140797733333333,False,-2.4762977333333325
16,1.5,1.15,1.0,4.0,0.027466666666666667,18.6645,23.140797733333333,False,-4.4762977333333325
16,1.5,1.15,1.0,6.0,0.027466666666666667,18.6645,25.140797733333333,False,-6.4762977333333325
16,1.5,1.15,1.0,8.0,0.027466666666666667,18.6645,27.140797733333333,False,-8.476297733333332
16,1.5,1.15,1.15,0.0,0.027466666666666667,18.6645,19.187024133333335,False,-0.5225241333333344
16,1.5,1.15,1.15,2.0,0.027466666666666667,18.6645,21.187024133333335,False,-2.5225241333333344
16,1.5,1.15,1.15,4.0,0.027466666666666667,18.6645,23.187024133333335,False,-4.522524133333334
16,1.5,1.15,1.15,6.0,0.027466666666666667,18.6645,25.187024133333335,False,-6.522524133333334
16,1.5,1.15,1.15,8.0,0.027466666666666667,18.6645,27.187024133333335,False,-8.522524133333334
16,1.5,1.15,1.3,0.0,0.027466666666666667,18.6645,19.233250533333333,False,-0.5687505333333327
16,1.5,1.15,1.3,2.0,0.027466666666666667,18.6645,21.233250533333333,False,-2.5687505333333327
16,1.5,1.15,1.3,4.0,0.027466666666666667,18.6645,23.233250533333333,False,-4.568750533333333
16,1.5,1.15,1.3,6.0,0.027466666666666667,18.6645,25.233250533333333,False,-6.568750533333333
16,1.5,1.15,1.3,8.0,0.027466666666666667,18.6645,27.233250533333333,False,-8.568750533333333
16,1.5,1.3,0.7,0.0,0.027466666666666667,21.099,21.415977333333334,False,-0.3169773333333339
16,1.5,1.3,0.7,2.0,0.027466666666666667,21.099,23.415977333333334,False,-2.316977333333334
16,1.5,1.3,0.7,4.0,0.027466666666666667,21.099,25.415977333333334,False,-4.316977333333334
16,1.5,1.3,0.7,6.0,0.027466666666666667,21.099,27.415977333333334,False,-6.316977333333334
16,1.5,1.3,0.7,8.0,0.027466666666666667,21.099,29.415977333333334,False,-8.316977333333334
16,1.5,1.3,0.85,0.0,0.027466666666666667,21.099,21.462203733333336,False,-0.3632037333333358
16,1.5,1.3,0.85,2.0,0.027466666666666667,21.099,23.462203733333336,False,-2.3632037333333358
16,1.5,1.3,0.85,4.0,0.027466666666666667,21.099,25.462203733333336,False,-4.363203733333336
16,1.5,1.3,0.85,6.0,0.027466666666666667,21.099,27.462203733333336,False,-6.363203733333336
16,1.5,1.3,0.85,8.0,0.027466666666666667,21.099,29.462203733333336,False,-8.363203733333336
16,1.5,1.3,1.0,0.0,0.027466666666666667,21.099,21.508430133333334,False,-0.4094301333333341
16,1.5,1.3,1.0,2.0,0.027466666666666667,21.099,23.508430133333334,False,-2.409430133333334
16,1.5,1.3,1.0,4.0,0.027466666666666667,21.099,25.508430133333334,False,-4.409430133333334
16,1.5,1.3,1.0,6.0,0.027466666666666667,21.099,27.508430133333334,False,-6.409430133333334
16,1.5,1.3,1.0,8.0,0.027466666666666667,21.099,29.508430133333334,False,-8.409430133333334
16,1.5,1.3,1.15,0.0,0.027466666666666667,21.099,21.554656533333336,False,-0.455656533333336
16,1.5,1.3,1.15,2.0,0.027466666666666667,21.099,23.554656533333336,False,-2.455656533333336
16,1.5,1.3,1.15,4.0,0.027466666666666667,21.099,25.554656533333336,False,-4.455656533333336
16,1.5,1.3,1.15,6.0,0.027466666666666667,21.099,27.554656533333336,False,-6.455656533333336
16,1.5,1.3,1.15,8.0,0.027466666666666667,21.099,29.554656533333336,False,-8.455656533333336
16,1.5,1.3,1.3,0.0,0.027466666666666667,21.099,21.600882933333335,False,-0.5018829333333343
16,1.5,1.3,1.3,2.0,0.027466666666666667,21.099,23.600882933333335,False,-2.5018829333333343
16,1.5,1.3,1.3,4.0,0.027466666666666667,21.099,25.600882933333335,False,-4.501882933333334
16,1.5,1.3,1.3,6.0,0.027466666666666667,21.099,27.600882933333335,False,-6.501882933333334
16,1.5,1.3,1.3,8.0,0.027466666666666667,21.099,29.600882933333335,False,-8.501882933333334
